time (s),voltage (V),current (A)
0,0.05,1.066e-08
0.0923850518489532,0.07,1.559e-08
0.184770103697907,0.09,2.153e-08
0.27715515554686,0.11,2.837e-08
0.369540207395813,0.13,3.687e-08
0.461925259244766,0.15,4.689e-08
0.55431031109372,0.17,5.894e-08
0.646695362942673,0.19,7.333e-08
0.739080414791626,0.21,9.076e-08
0.831465466640579,0.23,1.112e-07
0.923850518489533,0.25,1.352e-07
1.01623557033849,0.27,1.636e-07
1.10862062218744,0.29,1.968e-07
1.20100567403639,0.31,2.361e-07
1.29339072588535,0.33,2.819e-07
1.3857757777343,0.35,3.358e-07
1.47816082958325,0.37,3.97e-07
1.57054588143221,0.39,4.689e-07
1.66293093328116,0.41,5.526e-07
1.75531598513011,0.43,6.475e-07
1.84770103697906,0.45,7.583e-07
1.94008608882802,0.47,8.849e-07
2.03247114067697,0.49,1.029e-06
2.12485619252592,0.51,1.196e-06
2.21724124437488,0.53,1.386e-06
2.30962629622383,0.55,1.605e-06
2.40201134807278,0.57,1.858e-06
2.49439639992174,0.59,2.14e-06
2.58678145177069,0.61,2.467e-06
2.67916650361964,0.63,2.835e-06
2.7715515554686,0.65,3.248e-06
2.86393660731755,0.67,3.724e-06
2.9563216591665,0.69,4.259e-06
3.04870671101546,0.71,4.871e-06
3.14109176286441,0.73,5.727e-06
3.23347681471336,0.75,6.475e-06
3.32586186656232,0.77,7.329e-06
3.41824691841127,0.79,8.27e-06
3.51063197026022,0.81,9.343e-06
3.60301702210918,0.83,1.053e-05
3.69540207395813,0.85,1.187e-05
3.78778712580708,0.87,1.337e-05
3.88017217765604,0.89,1.503e-05
3.97255722950499,0.91,1.688e-05
4.06494228135394,0.93,1.892e-05
4.1573273332029,0.95,2.12e-05
4.24971238505185,0.97,2.37e-05
4.3420974369008,0.99,2.645e-05
4.43448248874976,1.01,2.95e-05
4.52686754059871,1.03,3.284e-05
4.61925259244766,1.05,3.644e-05
4.71163764429662,1.07,4.042e-05
4.80402269614557,1.09,4.468e-05
4.89640774799452,1.11,4.937e-05
4.98879279984348,1.13,5.518e-05
5.08117785169243,1.15,6.037e-05
5.17356290354138,1.17,6.598e-05
5.26594795539033,1.19,7.205e-05
5.35833300723929,1.21,7.863e-05
5.45071805908824,1.23,8.563e-05
5.54310311093719,1.25,9.306e-05
5.63548816278615,1.27,0.0001009
5.7278732146351,1.29,0.0001094
5.82025826648405,1.31,0.0001182
5.91264331833301,1.33,0.0001275
6.00502837018196,1.35,0.0001374
6.09741342203091,1.37,0.0001476
6.18979847387987,1.39,0.0001584
6.28218352572882,1.41,0.0001695
6.37456857757777,1.43,0.000181
6.46695362942673,1.45,0.0001929
6.55933868127568,1.47,0.0002053
6.65172373312463,1.49,0.0002179
6.74410878497359,1.51,0.000231
6.83649383682254,1.53,0.0002443
6.92887888867149,1.55,0.000258
7.02126394052045,1.57,0.0002718
7.1136489923694,1.59,0.0002859
7.20603404421835,1.61,0.0002999
7.29841909606731,1.63,0.0003144
7.39080414791626,1.65,0.0003289
7.48318919976521,1.67,0.0003434
7.57557425161417,1.69,0.000358
7.66795930346312,1.71,0.0003727
7.76034435531207,1.73,0.0003871
7.85272940716103,1.75,0.0004017
7.94511445900998,1.77,0.0004162
8.03749951085893,1.79,0.0004303
8.12988456270789,1.81,0.0004444
8.22226961455684,1.83,0.0004582
8.31465466640579,1.85,0.0004716
8.40703971825475,1.87,0.0004847
8.4994247701037,1.89,0.0004976
8.59180982195265,1.91,0.0004827
8.68419487380161,1.93,0.0004953
8.77657992565056,1.95,0.0005078
8.86896497749951,1.97,0.0005198
8.96135002934846,1.99,0.0005314
9.05373508119742,1.99,0.0005192
9.14612013304637,1.97,0.0004857
9.23850518489533,1.95,0.000455
9.33089023674428,1.93,0.0004268
9.42327528859323,1.91,0.0004004
9.51566034044219,1.89,0.000363
9.60804539229114,1.87,0.0003415
9.70043044414009,1.85,0.0003215
9.79281549598904,1.83,0.0003024
9.885200547838,1.81,0.0002845
9.97758559968695,1.79,0.0002678
10.0699706515359,1.77,0.000252
10.1623557033849,1.75,0.000237
10.2547407552338,1.73,0.0002229
10.3471258070828,1.71,0.0002095
10.4395108589317,1.69,0.0001969
10.5318959107807,1.67,0.0001849
10.6242809626296,1.65,0.0001736
10.7166660144786,1.63,0.0001629
10.8090510663275,1.61,0.0001527
10.9014361181765,1.59,0.0001431
10.9938211700254,1.57,0.000134
11.0862062218744,1.55,0.0001253
11.1785912737233,1.53,0.0001173
11.2709763255723,1.51,0.0001095
11.3633613774213,1.49,0.0001023
11.4557464292702,1.47,9.535e-05
11.5481314811192,1.45,8.891e-05
11.6405165329681,1.43,8.28e-05
11.7329015848171,1.41,7.702e-05
11.825286636666,1.39,7.159e-05
11.917671688515,1.37,6.644e-05
12.0100567403639,1.35,6.163e-05
12.1024417922129,1.33,5.711e-05
12.1948268440618,1.31,5.286e-05
12.2872118959108,1.29,4.889e-05
12.3795969477597,1.27,4.519e-05
12.4719819996087,1.25,4.17e-05
12.5643670514576,1.23,3.822e-05
12.6567521033066,1.21,3.524e-05
12.7491371551555,1.19,3.243e-05
12.8415222070045,1.17,2.98e-05
12.9339072588535,1.15,2.736e-05
13.0262923107024,1.13,2.509e-05
13.1186773625514,1.11,2.299e-05
13.2110624144003,1.09,2.103e-05
13.3034474662493,1.07,1.92e-05
13.3958325180982,1.05,1.752e-05
13.4882175699472,1.03,1.596e-05
13.5806026217961,1.01,1.452e-05
13.6729876736451,0.99,1.319e-05
13.765372725494,0.97,1.198e-05
13.857757777343,0.95,1.087e-05
13.9501428291919,0.93,9.821e-06
14.0425278810409,0.91,8.889e-06
14.1349129328898,0.89,8.028e-06
14.2272979847388,0.87,7.231e-06
14.3196830365878,0.85,6.511e-06
14.4120680884367,0.83,5.849e-06
14.5044531402857,0.81,5.242e-06
14.5968381921346,0.79,4.702e-06
14.6892232439836,0.77,4.202e-06
14.7816082958325,0.75,3.72e-06
14.8739933476815,0.73,3.324e-06
14.9663783995304,0.71,2.961e-06
15.0587634513794,0.69,2.637e-06
15.1511485032283,0.67,2.345e-06
15.2435335550773,0.65,2.075e-06
15.3359186069262,0.63,1.839e-06
15.4283036587752,0.61,1.623e-06
15.5206887106241,0.59,1.431e-06
15.6130737624731,0.57,1.261e-06
15.7054588143221,0.55,1.108e-06
15.797843866171,0.53,9.683e-07
15.89022891802,0.51,8.477e-07
15.9826139698689,0.49,7.401e-07
16.0749990217179,0.47,6.436e-07
16.1673840735668,0.45,5.596e-07
16.2597691254158,0.43,4.839e-07
16.3521541772647,0.41,4.184e-07
16.4445392291137,0.39,3.547e-07
16.5369242809626,0.37,3.048e-07
16.6293093328116,0.35,2.605e-07
16.7216943846605,0.33,2.22e-07
16.8140794365095,0.31,1.886e-07
16.9064644883584,0.29,1.586e-07
16.9988495402074,0.27,1.339e-07
17.0912345920564,0.25,1.123e-07
17.1836196439053,0.23,9.392e-08
17.2760046957543,0.21,7.734e-08
17.3683897476032,0.19,6.314e-08
17.4607747994522,0.17,5.157e-08
17.5531598513011,0.15,4.148e-08
17.6455449031501,0.13,3.219e-08
17.737929954999,0.11,2.527e-08
17.830315006848,0.09,1.909e-08
17.9227000586969,0.07,1.394e-08
18.0150851105459,0.05,9.436e-09
18.5693954216396,0.06,1.005e-08
18.6617804734886,0.08,1.417e-08
18.7541655253375,0.1,1.895e-08
18.8465505771865,0.12,2.484e-08
18.9389356290354,0.14,3.173e-08
19.0313206808844,0.16,3.958e-08
19.1237057327333,0.18,4.942e-08
19.2160907845823,0.2,6.11e-08
19.3084758364312,0.22,7.48e-08
19.4008608882802,0.24,9.025e-08
19.4932459401291,0.26,1.088e-07
19.5856309919781,0.28,1.306e-07
19.678016043827,0.3,1.554e-07
19.770401095676,0.32,1.848e-07
19.8627861475249,0.34,2.181e-07
19.9551711993739,0.36,2.571e-07
20.0475562512229,0.38,3.013e-07
20.1399413030718,0.4,3.516e-07
20.2323263549208,0.42,4.106e-07
20.3247114067697,0.44,4.787e-07
20.4170964586187,0.46,5.573e-07
20.5094815104676,0.48,6.452e-07
20.6018665623166,0.5,7.444e-07
20.6942516141655,0.52,8.569e-07
20.7866366660145,0.54,9.867e-07
20.8790217178634,0.56,1.13e-06
20.9714067697124,0.58,1.293e-06
21.0637918215613,0.6,1.482e-06
21.1561768734103,0.62,1.691e-06
21.2485619252592,0.64,1.927e-06
21.3409469771082,0.66,2.19e-06
21.4333320289572,0.68,2.485e-06
21.5257170808061,0.7,2.817e-06
21.6181021326551,0.72,3.184e-06
21.710487184504,0.74,3.595e-06
21.802872236353,0.76,4.047e-06
21.8952572882019,0.78,4.569e-06
21.9876423400509,0.8,5.155e-06
22.0800273918998,0.82,5.775e-06
22.1724124437488,0.84,6.45e-06
22.2647974955977,0.86,7.207e-06
22.3571825474467,0.88,8.039e-06
22.4495675992956,0.9,8.953e-06
22.5419526511446,0.92,9.94e-06
22.6343377029935,0.94,1.104e-05
22.7267227548425,0.96,1.223e-05
22.8191078066915,0.98,1.354e-05
22.9114928585404,1,1.496e-05
23.0038779103894,1.02,1.652e-05
23.0962629622383,1.04,1.821e-05
23.1886480140873,1.06,2.003e-05
23.2810330659362,1.08,2.199e-05
23.3734181177852,1.1,2.412e-05
23.4658031696341,1.12,2.641e-05
23.5581882214831,1.14,2.89e-05
23.650573273332,1.16,3.155e-05
23.742958325181,1.18,3.439e-05
23.8353433770299,1.2,3.744e-05
23.9277284288789,1.22,4.067e-05
24.0201134807278,1.24,4.414e-05
24.1124985325768,1.26,4.786e-05
24.2048835844258,1.28,5.15e-05
24.2972686362747,1.3,5.561e-05
24.3896536881237,1.32,5.999e-05
24.4820387399726,1.34,6.465e-05
24.5744237918216,1.36,6.957e-05
24.6668088436705,1.38,7.478e-05
24.7591938955195,1.4,8.022e-05
24.8515789473684,1.42,8.605e-05
24.9439639992174,1.44,9.212e-05
25.0363490510663,1.46,9.843e-05
25.1287341029153,1.48,0.000105
25.2211191547642,1.5,0.0001119
25.3135042066132,1.52,0.0001191
25.4058892584621,1.54,0.0001267
25.4982743103111,1.56,0.0001344
25.5906593621601,1.58,0.0001426
25.683044414009,1.6,0.000151
25.775429465858,1.62,0.0001597
25.8678145177069,1.64,0.0001687
25.9601995695559,1.66,0.000178
26.0525846214048,1.68,0.0001876
26.1449696732538,1.7,0.0001975
26.2373547251027,1.72,0.0002076
26.3297397769517,1.74,0.0002182
26.4221248288006,1.76,0.0002289
26.5145098806496,1.78,0.0002399
26.6068949324985,1.8,0.0002511
26.6992799843475,1.82,0.0002625
26.7916650361964,1.84,0.0002742
26.8840500880454,1.86,0.0002859
26.9764351398943,1.88,0.0002979
27.0688201917433,1.9,0.00031
27.1612052435923,1.92,0.0003223
27.2535902954412,1.94,0.0003346
27.3459753472902,1.96,0.0003471
27.4383603991391,1.98,0.0003597
27.5307454509881,2,0.0003722
27.623130502837,2.02,0.0003844
27.715515554686,2.04,0.0003969
27.8079006065349,2.06,0.0004094
27.9002856583839,2.08,0.0004219
27.9926707102328,2.1,0.0004342
28.0850557620818,2.12,0.000446
28.1774408139307,2.14,0.0004581
28.2698258657797,2.16,0.0004699
28.3622109176286,2.18,0.0004814
28.4545959694776,2.2,0.0004926
28.5469810213266,2.22,0.0004789
28.6393660731755,2.24,0.0004898
28.7317511250245,2.24,0.000481
28.8241361768734,2.22,0.0004541
28.9165212287224,2.2,0.0004291
29.0089062805713,2.18,0.0004059
29.1012913324203,2.16,0.0003726
29.1936763842692,2.14,0.0003532
29.2860614361182,2.12,0.0003349
29.3784464879671,2.1,0.0003177
29.4708315398161,2.08,0.0003014
29.563216591665,2.06,0.0002859
29.655601643514,2.04,0.0002713
29.747986695363,2.02,0.0002574
29.8403717472119,2,0.0002442
29.9327567990609,1.98,0.0002317
30.0251418509098,1.96,0.0002198
30.1175269027588,1.94,0.0002086
30.2099119546077,1.92,0.0001978
30.3022970064567,1.9,0.0001875
30.3946820583056,1.88,0.0001777
30.4870671101546,1.86,0.0001684
30.5794521620035,1.84,0.0001594
30.6718372138525,1.82,0.0001509
30.7642222657014,1.8,0.0001427
30.8566073175504,1.78,0.000135
30.9489923693993,1.76,0.0001276
31.0413774212483,1.74,0.0001206
31.1337624730972,1.72,0.0001138
31.2261475249462,1.7,0.0001075
31.3185325767952,1.68,0.0001014
31.4109176286441,1.66,9.558e-05
31.5033026804931,1.64,9.006e-05
31.595687732342,1.62,8.482e-05
31.688072784191,1.6,7.983e-05
31.7804578360399,1.58,7.507e-05
31.8728428878889,1.56,7.054e-05
31.9652279397378,1.54,6.624e-05
32.0576129915868,1.52,6.216e-05
32.1499980434357,1.5,5.829e-05
32.2423830952847,1.48,5.458e-05
32.3347681471336,1.46,5.114e-05
32.4271531989826,1.44,4.785e-05
32.5195382508315,1.42,4.474e-05
32.6119233026805,1.4,4.181e-05
32.7043083545295,1.38,3.888e-05
32.7966934063784,1.36,3.629e-05
32.8890784582274,1.34,3.381e-05
32.9814635100763,1.32,3.149e-05
33.0738485619253,1.3,2.93e-05
33.1662336137742,1.28,2.724e-05
33.2586186656232,1.26,2.53e-05
33.3510037174721,1.24,2.347e-05
33.4433887693211,1.22,2.175e-05
33.53577382117,1.2,2.015e-05
33.628158873019,1.18,1.864e-05
33.7205439248679,1.16,1.722e-05
33.8129289767169,1.14,1.591e-05
33.9053140285658,1.12,1.466e-05
33.9976990804148,1.1,1.35e-05
34.0900841322637,1.08,1.242e-05
34.1824691841127,1.06,1.143e-05
34.2748542359617,1.04,1.05e-05
34.3672392878106,1.02,9.628e-06
34.4596243396596,1,8.823e-06
34.5520093915085,0.98,8.072e-06
34.6443944433575,0.96,7.376e-06
34.7367794952064,0.94,6.733e-06
34.8291645470554,0.92,6.141e-06
34.9215495989043,0.9,5.595e-06
35.0139346507533,0.88,5.089e-06
35.1063197026022,0.86,4.626e-06
35.1987047544512,0.84,4.197e-06
35.2910898063001,0.82,3.771e-06
35.3834748581491,0.8,3.411e-06
35.4758599099981,0.78,3.079e-06
35.568244961847,0.76,2.778e-06
35.660630013696,0.74,2.504e-06
35.7530150655449,0.72,2.253e-06
35.8454001173939,0.7,2.021e-06
35.9377851692428,0.68,1.81e-06
36.0301702210918,0.66,1.621e-06
36.1225552729407,0.64,1.449e-06
36.2149403247897,0.62,1.292e-06
36.3073253766386,0.6,1.151e-06
36.3997104284876,0.58,1.023e-06
36.4920954803365,0.56,9.069e-07
36.5844805321855,0.54,8.021e-07
36.6768655840344,0.52,7.059e-07
36.7692506358834,0.5,6.222e-07
36.8616356877323,0.48,5.47e-07
36.9540207395813,0.46,4.814e-07
37.0464057914303,0.44,4.203e-07
37.1387908432792,0.42,3.627e-07
37.2311758951282,0.4,3.151e-07
37.3235609469771,0.38,2.739e-07
37.4159459988261,0.36,2.363e-07
37.508331050675,0.34,2.039e-07
37.600716102524,0.32,1.735e-07
37.6931011543729,0.3,1.486e-07
37.7854862062219,0.28,1.266e-07
37.8778712580708,0.26,1.064e-07
37.9702563099198,0.24,8.938e-08
38.0626413617687,0.22,7.412e-08
38.1550264136177,0.2,6.172e-08
38.2474114654666,0.18,5.053e-08
38.3397965173156,0.16,4.103e-08
38.4321815691645,0.14,3.224e-08
38.5245666210135,0.12,2.523e-08
38.6169516728625,0.1,1.952e-08
38.7093367247114,0.08,1.454e-08
38.8017217765604,0.06,1.024e-08
39.3560320876541,0.05,7.544e-09
39.448417139503,0.07,1.084e-08
39.540802191352,0.09,1.482e-08
39.633187243201,0.11,1.954e-08
39.7255722950499,0.13,2.499e-08
39.8179573468989,0.15,3.156e-08
39.9103423987478,0.17,3.945e-08
40.0027274505968,0.19,4.868e-08
40.0951125024457,0.21,5.962e-08
40.1874975542947,0.23,7.229e-08
40.2798826061436,0.25,8.684e-08
40.3722676579926,0.27,1.041e-07
40.4646527098415,0.29,1.238e-07
40.5570377616905,0.31,1.463e-07
40.6494228135394,0.33,1.725e-07
40.7418078653884,0.35,2.022e-07
40.8341929172373,0.37,2.367e-07
40.9265779690863,0.39,2.756e-07
41.0189630209352,0.41,3.185e-07
41.1113480727842,0.43,3.692e-07
41.2037331246332,0.45,4.275e-07
41.2961181764821,0.47,4.931e-07
41.3885032283311,0.49,5.684e-07
41.48088828018,0.51,6.514e-07
41.573273332029,0.53,7.473e-07
41.6656583838779,0.55,8.521e-07
41.7580434357269,0.57,9.71e-07
41.8504284875758,0.59,1.106e-06
41.9428135394248,0.61,1.254e-06
42.0351985912737,0.63,1.424e-06
42.1275836431227,0.65,1.612e-06
42.2199686949716,0.67,1.82e-06
42.3123537468206,0.69,2.057e-06
42.4047387986695,0.71,2.314e-06
42.4971238505185,0.73,2.601e-06
42.5895089023674,0.75,2.923e-06
42.6818939542164,0.77,3.27e-06
42.7742790060654,0.79,3.653e-06
42.8666640579143,0.81,4.079e-06
42.9590491097633,0.83,4.541e-06
43.0514341616122,0.85,5.069e-06
43.1438192134612,0.87,5.622e-06
43.2362042653101,0.89,6.225e-06
43.3285893171591,0.91,6.886e-06
43.420974369008,0.93,7.613e-06
43.513359420857,0.95,8.398e-06
43.6057444727059,0.97,9.247e-06
43.6981295245549,0.99,1.018e-05
43.7905145764038,1.01,1.118e-05
43.8828996282528,1.03,1.226e-05
43.9752846801018,1.05,1.345e-05
44.0676697319507,1.07,1.471e-05
44.1600547837997,1.09,1.608e-05
44.2524398356486,1.11,1.755e-05
44.3448248874976,1.13,1.911e-05
44.4372099393465,1.15,2.08e-05
44.5295949911955,1.17,2.258e-05
44.6219800430444,1.19,2.449e-05
44.7143650948934,1.21,2.652e-05
44.8067501467423,1.23,2.869e-05
44.8991351985913,1.25,3.098e-05
44.9915202504402,1.27,3.343e-05
45.0839053022892,1.29,3.6e-05
45.1762903541381,1.31,3.874e-05
45.2686754059871,1.33,4.159e-05
45.361060457836,1.35,4.463e-05
45.453445509685,1.37,4.786e-05
45.545830561534,1.39,5.065e-05
45.6382156133829,1.41,5.415e-05
45.7306006652319,1.43,5.782e-05
45.8229857170808,1.45,6.166e-05
45.9153707689298,1.47,6.571e-05
46.0077558207787,1.49,6.989e-05
46.1001408726277,1.51,7.434e-05
46.1925259244766,1.53,7.888e-05
46.2849109763256,1.55,8.364e-05
46.3772960281745,1.57,8.856e-05
46.4696810800235,1.59,9.373e-05
46.5620661318724,1.61,9.905e-05
46.6544511837214,1.63,0.0001045
46.7468362355703,1.65,0.0001102
46.8392212874193,1.67,0.000116
46.9316063392683,1.69,0.000122
47.0239913911172,1.71,0.0001281
47.1163764429662,1.73,0.0001344
47.2087614948151,1.75,0.0001409
47.3011465466641,1.77,0.0001476
47.393531598513,1.79,0.0001544
47.485916650362,1.81,0.0001614
47.5783017022109,1.83,0.0001685
47.6706867540599,1.85,0.0001758
47.7630718059088,1.87,0.0001831
47.8554568577578,1.89,0.0001907
47.9478419096067,1.91,0.0001983
48.0402269614557,1.93,0.0002061
48.1326120133046,1.95,0.000214
48.2249970651536,1.97,0.0002219
48.3173821170026,1.99,0.0002299
48.4097671688515,2.01,0.0002381
48.5021522207005,2.03,0.0002462
48.5945372725494,2.05,0.0002544
48.6869223243984,2.07,0.0002627
48.7793073762473,2.09,0.000271
48.8716924280963,2.11,0.0002793
48.9640774799452,2.13,0.0002878
49.0564625317942,2.15,0.0002961
49.1488475836431,2.17,0.0003045
49.2412326354921,2.19,0.0003127
49.333617687341,2.21,0.000321
49.42600273919,2.23,0.0003295
49.5183877910389,2.25,0.0003377
49.6107728428879,2.27,0.0003459
49.7031578947368,2.29,0.0003541
49.7955429465858,2.31,0.0003623
49.8879279984348,2.33,0.0003701
49.9803130502837,2.35,0.0003778
50.0726981021327,2.37,0.0003854
50.1650831539816,2.39,0.0003929
50.2574682058306,2.41,0.0004001
50.3498532576795,2.43,0.0004071
50.4422383095285,2.45,0.0004139
50.5346233613774,2.47,0.0004207
50.6270084132264,2.49,0.0004268
50.7193934650753,2.49,0.0004175
50.8117785169243,2.47,0.000395
50.9041635687732,2.45,0.0003741
50.9965486206222,2.43,0.000355
51.0889336724711,2.41,0.000337
51.1813187243201,2.39,0.0003204
51.2737037761691,2.37,0.0003046
51.366088828018,2.35,0.0002899
51.458473879867,2.33,0.0002761
51.5508589317159,2.31,0.000263
51.6432439835649,2.29,0.0002507
51.7356290354138,2.27,0.000239
51.8280140872628,2.25,0.0002278
51.9203991391117,2.23,0.0002173
52.0127841909607,2.21,0.0002072
52.1051692428096,2.19,0.0001975
52.1975542946586,2.17,0.0001882
52.2899393465075,2.15,0.0001795
52.3823243983565,2.13,0.000171
52.4747094502055,2.11,0.0001631
52.5670945020544,2.09,0.0001554
52.6594795539034,2.07,0.0001481
52.7518646057523,2.05,0.0001411
52.8442496576013,2.03,0.0001344
52.9366347094502,2.01,0.000128
53.0290197612992,1.99,0.0001218
53.1214048131481,1.97,0.000116
53.2137898649971,1.95,0.0001104
53.306174916846,1.93,0.000105
53.398559968695,1.91,9.987e-05
53.4909450205439,1.89,9.492e-05
53.5833300723929,1.87,9.021e-05
53.6757151242418,1.85,8.572e-05
53.7681001760908,1.83,8.14e-05
53.8604852279397,1.81,7.726e-05
53.9528702797887,1.79,7.334e-05
54.0452553316377,1.77,6.956e-05
54.1376403834866,1.75,6.599e-05
54.2300254353356,1.73,6.25e-05
54.3224104871845,1.71,5.918e-05
54.4147955390335,1.69,5.608e-05
54.5071805908824,1.67,5.307e-05
54.5995656427314,1.65,5.02e-05
54.6919506945803,1.63,4.744e-05
54.7843357464293,1.61,4.483e-05
54.8767207982782,1.59,4.237e-05
54.9691058501272,1.57,3.995e-05
55.0614909019761,1.55,3.768e-05
55.1538759538251,1.53,3.552e-05
55.246261005674,1.51,3.347e-05
55.338646057523,1.49,3.152e-05
55.4310311093719,1.47,2.968e-05
55.5234161612209,1.45,2.79e-05
55.6158012130699,1.43,2.624e-05
55.7081862649188,1.41,2.465e-05
55.8005713167678,1.39,2.315e-05
55.8929563686167,1.37,2.172e-05
55.9853414204657,1.35,2.037e-05
56.0777264723146,1.33,1.909e-05
56.1701115241636,1.31,1.785e-05
56.2624965760125,1.29,1.671e-05
56.3548816278615,1.27,1.561e-05
56.4472666797104,1.25,1.459e-05
56.5396517315594,1.23,1.363e-05
56.6320367834083,1.21,1.271e-05
56.7244218352573,1.19,1.183e-05
56.8168068871062,1.17,1.103e-05
56.9091919389552,1.15,1.027e-05
57.0015769908042,1.13,9.544e-06
57.0939620426531,1.11,8.87e-06
57.1863470945021,1.09,8.219e-06
57.278732146351,1.07,7.626e-06
57.3711171982,1.05,7.053e-06
57.4635022500489,1.03,6.529e-06
57.5558873018979,1.01,6.031e-06
57.6482723537468,0.99,5.564e-06
57.7406574055958,0.97,5.133e-06
57.8330424574447,0.95,4.727e-06
57.9254275092937,0.93,4.349e-06
58.0178125611426,0.91,3.978e-06
58.1101976129916,0.89,3.649e-06
58.2025826648405,0.87,3.346e-06
58.2949677166895,0.85,3.06e-06
58.3873527685384,0.83,2.797e-06
58.4797378203874,0.81,2.554e-06
58.5721228722364,0.79,2.327e-06
58.6645079240853,0.77,2.117e-06
58.7568929759343,0.75,1.925e-06
58.8492780277832,0.73,1.745e-06
58.9416630796322,0.71,1.582e-06
59.0340481314811,0.69,1.429e-06
59.1264331833301,0.67,1.293e-06
59.218818235179,0.65,1.166e-06
59.311203287028,0.63,1.049e-06
59.4035883388769,0.61,9.408e-07
59.4959733907259,0.59,8.432e-07
59.5883584425749,0.57,7.547e-07
59.6807434944238,0.55,6.731e-07
59.7731285462728,0.53,6.004e-07
59.8655135981217,0.51,5.34e-07
59.9578986499707,0.49,4.723e-07
60.0502837018196,0.47,4.172e-07
60.1426687536686,0.45,3.639e-07
60.2350538055175,0.43,3.195e-07
60.3274388573665,0.41,2.801e-07
60.4198239092154,0.39,2.448e-07
60.5122089610644,0.37,2.128e-07
60.6045940129133,0.35,1.842e-07
60.6969790647623,0.33,1.59e-07
60.7893641166112,0.31,1.363e-07
60.8817491684602,0.29,1.165e-07
60.9741342203091,0.27,9.918e-08
61.0665192721581,0.25,8.391e-08
61.1589043240071,0.23,7.047e-08
61.251289375856,0.21,5.878e-08
61.343674427705,0.19,4.852e-08
61.4360594795539,0.17,3.922e-08
61.5284445314029,0.15,3.176e-08
61.6208295832518,0.13,2.527e-08
61.7132146351008,0.11,1.983e-08
61.8055996869497,0.09,1.511e-08
61.8979847387987,0.07,1.11e-08
61.9903697906476,0.05,7.601e-09
62.5446801017414,0.06,8.35e-09
62.6370651535903,0.08,1.159e-08
62.7294502054393,0.1,1.541e-08
62.8218352572882,0.12,1.999e-08
62.9142203091372,0.14,2.552e-08
63.0066053609861,0.16,3.186e-08
63.0989904128351,0.18,3.913e-08
63.191375464684,0.2,4.796e-08
63.283760516533,0.22,5.829e-08
63.3761455683819,0.24,7.039e-08
63.4685306202309,0.26,8.393e-08
63.5609156720798,0.28,9.993e-08
63.6533007239288,0.3,1.182e-07
63.7456857757777,0.32,1.387e-07
63.8380708276267,0.34,1.623e-07
63.9304558794757,0.36,1.897e-07
64.0228409313246,0.38,2.208e-07
64.1152259831736,0.4,2.559e-07
64.2076110350225,0.42,2.963e-07
64.2999960868715,0.44,3.407e-07
64.3923811387204,0.46,3.908e-07
64.4847661905694,0.48,4.484e-07
64.5771512424183,0.5,5.148e-07
64.6695362942673,0.52,5.858e-07
64.7619213461162,0.54,6.661e-07
64.8543063979652,0.56,7.555e-07
64.9466914498141,0.58,8.56e-07
65.0390765016631,0.6,9.668e-07
65.131461553512,0.62,1.091e-06
65.223846605361,0.64,1.228e-06
65.3162316572099,0.66,1.377e-06
65.4086167090589,0.68,1.545e-06
65.5010017609079,0.7,1.732e-06
65.5933868127568,0.72,1.937e-06
65.6857718646058,0.74,2.162e-06
65.7781569164547,0.76,2.406e-06
65.8705419683037,0.78,2.681e-06
65.9629270201526,0.8,2.978e-06
66.0553120720016,0.82,3.301e-06
66.1476971238505,0.84,3.654e-06
66.2400821756995,0.86,4.039e-06
66.3324672275484,0.88,4.453e-06
66.4248522793974,0.9,4.912e-06
66.5172373312463,0.92,5.394e-06
66.6096223830953,0.94,5.924e-06
66.7020074349442,0.96,6.491e-06
66.7943924867932,0.98,7.102e-06
66.8867775386421,1,7.774e-06
66.9791625904911,1.02,8.485e-06
67.0715476423401,1.04,9.248e-06
67.163932694189,1.06,1.007e-05
67.256317746038,1.08,1.094e-05
67.3487027978869,1.1,1.188e-05
67.4410878497359,1.12,1.288e-05
67.5334729015848,1.14,1.395e-05
67.6258579534338,1.16,1.508e-05
67.7182430052827,1.18,1.628e-05
67.8106280571317,1.2,1.755e-05
67.9030131089806,1.22,1.892e-05
67.9953981608296,1.24,2.034e-05
68.0877832126785,1.26,2.187e-05
68.1801682645275,1.28,2.346e-05
68.2725533163764,1.3,2.515e-05
68.3649383682254,1.32,2.692e-05
68.4573234200744,1.34,2.878e-05
68.5497084719233,1.36,3.073e-05
68.6420935237723,1.38,3.275e-05
68.7344785756212,1.4,3.486e-05
68.8268636274702,1.42,3.71e-05
68.9192486793191,1.44,3.945e-05
69.0116337311681,1.46,4.188e-05
69.104018783017,1.48,4.442e-05
69.196403834866,1.5,4.705e-05
69.2887888867149,1.52,4.978e-05
69.3811739385639,1.54,5.19e-05
69.4735589904128,1.56,5.485e-05
69.5659440422618,1.58,5.791e-05
69.6583290941108,1.6,6.11e-05
69.7507141459597,1.62,6.439e-05
69.8430991978087,1.64,6.781e-05
69.9354842496576,1.66,7.125e-05
70.0278693015066,1.68,7.481e-05
70.1202543533555,1.7,7.848e-05
70.2126394052045,1.72,8.227e-05
70.3050244570534,1.74,8.618e-05
70.3974095089024,1.76,9.02e-05
70.4897945607513,1.78,9.429e-05
70.5821796126003,1.8,9.851e-05
70.6745646644492,1.82,0.0001028
70.7669497162982,1.84,0.0001071
70.8593347681471,1.86,0.0001116
70.9517198199961,1.88,0.0001161
71.0441048718451,1.9,0.0001207
71.136489923694,1.92,0.0001255
71.228874975543,1.94,0.0001303
71.3212600273919,1.96,0.0001352
71.4136450792409,1.98,0.0001401
71.5060301310898,2,0.0001452
71.5984151829388,2.02,0.0001503
71.6908002347877,2.04,0.0001555
71.7831852866367,2.06,0.0001607
71.8755703384856,2.08,0.000166
71.9679553903346,2.1,0.0001714
72.0603404421835,2.12,0.0001768
72.1527254940325,2.14,0.0001822
72.2451105458814,2.16,0.0001877
72.3374955977304,2.18,0.0001933
72.4298806495793,2.2,0.000199
72.5222657014283,2.22,0.0002047
72.6146507532773,2.24,0.0002104
72.7070358051262,2.26,0.0002162
72.7994208569752,2.28,0.000222
72.8918059088241,2.3,0.0002278
72.9841909606731,2.32,0.0002337
73.076576012522,2.34,0.0002395
73.168961064371,2.36,0.0002453
73.2613461162199,2.38,0.0002511
73.3537311680689,2.4,0.000257
73.4461162199178,2.42,0.000263
73.5385012717668,2.44,0.0002689
73.6308863236157,2.46,0.0002748
73.7232713754647,2.48,0.0002808
73.8156564273137,2.5,0.0002863
73.9080414791626,2.52,0.0002921
74.0004265310116,2.54,0.0002978
74.0928115828605,2.56,0.0003036
74.1851966347095,2.58,0.0003093
74.2775816865584,2.6,0.000315
74.3699667384074,2.62,0.0003208
74.4623517902563,2.64,0.0003263
74.5547368421053,2.66,0.000332
74.6471218939542,2.68,0.0003374
74.7395069458032,2.7,0.0003427
74.8318919976521,2.72,0.0003479
74.9242770495011,2.74,0.0003532
75.01666210135,2.74,0.0003463
75.109047153199,2.72,0.0003287
75.2014322050479,2.7,0.0003123
75.2938172568969,2.68,0.0002973
75.3862023087459,2.66,0.0002833
75.4785873605948,2.64,0.0002702
75.5709724124438,2.62,0.0002579
75.6633574642927,2.6,0.0002464
75.7557425161417,2.58,0.0002355
75.8481275679906,2.56,0.0002252
75.9405126198396,2.54,0.0002154
76.0328976716885,2.52,0.000206
76.1252827235375,2.5,0.0001972
76.2176677753864,2.48,0.0001888
76.3100528272354,2.46,0.0001808
76.4024378790843,2.44,0.0001731
76.4948229309333,2.42,0.0001656
76.5872079827822,2.4,0.0001585
76.6795930346312,2.38,0.0001517
76.7719780864801,2.36,0.0001452
76.8643631383291,2.34,0.0001389
76.9567481901781,2.32,0.0001331
77.049133242027,2.3,0.0001273
77.141518293876,2.28,0.0001218
77.2339033457249,2.26,0.0001165
77.3262883975739,2.24,0.0001115
77.4186734494228,2.22,0.0001066
77.5110585012718,2.2,0.000102
77.6034435531207,2.18,9.751e-05
77.6958286049697,2.16,9.317e-05
77.7882136568186,2.14,8.908e-05
77.8805987086676,2.12,8.515e-05
77.9729837605165,2.1,8.131e-05
78.0653688123655,2.08,7.765e-05
78.1577538642144,2.06,7.411e-05
78.2501389160634,2.04,7.071e-05
78.3425239679124,2.02,6.748e-05
78.4349090197613,2,6.441e-05
78.5272940716103,1.98,6.138e-05
78.6196791234592,1.96,5.854e-05
78.7120641753082,1.94,5.582e-05
78.8044492271571,1.92,5.323e-05
78.8968342790061,1.9,5.069e-05
78.989219330855,1.88,4.827e-05
79.081604382704,1.86,4.596e-05
79.1739894345529,1.84,4.374e-05
79.2663744864019,1.82,4.161e-05
79.3587595382509,1.8,3.963e-05
79.4511445900998,1.78,3.768e-05
79.5435296419488,1.76,3.579e-05
79.6359146937977,1.74,3.401e-05
79.7282997456467,1.72,3.23e-05
79.8206847974956,1.7,3.066e-05
79.9130698493446,1.68,2.911e-05
80.0054549011935,1.66,2.762e-05
80.0978399530425,1.64,2.619e-05
80.1902250048914,1.62,2.483e-05
80.2826100567404,1.6,2.353e-05
80.3749951085893,1.58,2.228e-05
80.4673801604383,1.56,2.11e-05
80.5597652122872,1.54,1.999e-05
80.6521502641362,1.52,1.891e-05
80.7445353159851,1.5,1.79e-05
80.8369203678341,1.48,1.692e-05
80.929305419683,1.46,1.598e-05
81.021690471532,1.44,1.51e-05
81.1140755233809,1.42,1.427e-05
81.2064605752299,1.4,1.345e-05
81.2988456270789,1.38,1.269e-05
81.3912306789278,1.36,1.196e-05
81.4836157307768,1.34,1.127e-05
81.5760007826257,1.32,1.062e-05
81.6683858344747,1.3,9.995e-06
81.7607708863236,1.28,9.407e-06
81.8531559381726,1.26,8.843e-06
81.9455409900215,1.24,8.305e-06
82.0379260418705,1.22,7.803e-06
82.1303110937194,1.2,7.319e-06
82.2226961455684,1.18,6.871e-06
82.3150811974174,1.16,6.439e-06
82.4074662492663,1.14,6.032e-06
82.4998513011153,1.12,5.647e-06
82.5922363529642,1.1,5.279e-06
82.6846214048132,1.08,4.93e-06
82.7770064566621,1.06,4.6e-06
82.8693915085111,1.04,4.293e-06
82.96177656036,1.02,4.003e-06
83.054161612209,1,3.723e-06
83.1465466640579,0.98,3.469e-06
83.2389317159069,0.96,3.223e-06
83.3313167677558,0.94,2.989e-06
83.4237018196048,0.92,2.768e-06
83.5160868714537,0.9,2.564e-06
83.6084719233027,0.88,2.372e-06
83.7008569751517,0.86,2.191e-06
83.7932420270006,0.84,2.025e-06
83.8856270788496,0.82,1.868e-06
83.9780121306985,0.8,1.718e-06
84.0703971825475,0.78,1.579e-06
84.1627822343964,0.76,1.449e-06
84.2551672862454,0.74,1.327e-06
84.3475523380943,0.72,1.215e-06
84.4399373899433,0.7,1.109e-06
84.5323224417922,0.68,1.011e-06
84.6247074936412,0.66,9.194e-07
84.7170925454901,0.64,8.35e-07
84.8094775973391,0.62,7.56e-07
84.901862649188,0.6,6.845e-07
84.994247701037,0.58,6.162e-07
85.0866327528859,0.56,5.559e-07
85.1790178047349,0.54,4.994e-07
85.2714028565839,0.52,4.465e-07
85.3637879084328,0.5,3.987e-07
85.4561729602818,0.48,3.539e-07
85.5485580121307,0.46,3.151e-07
85.6409430639797,0.44,2.795e-07
85.7333281158286,0.42,2.464e-07
85.8257131676776,0.4,2.178e-07
85.9180982195265,0.38,1.911e-07
86.0104832713755,0.36,1.673e-07
86.1028683232244,0.34,1.455e-07
86.1952533750734,0.32,1.264e-07
86.2876384269223,0.3,1.088e-07
86.3800234787713,0.28,9.34e-08
86.4724085306202,0.26,7.956e-08
86.5647935824692,0.24,6.743e-08
86.6571786343181,0.22,5.666e-08
86.7495636861671,0.2,4.712e-08
86.8419487380161,0.18,3.855e-08
86.934333789865,0.16,3.141e-08
87.026718841714,0.14,2.549e-08
87.1191038935629,0.12,2.038e-08
87.2114889454119,0.1,1.578e-08
87.3038739972608,0.08,1.189e-08
87.3962590491098,0.06,8.536e-09
87.9505693602035,0.05,6.293e-09
88.0429544120525,0.07,9.169e-09
88.1353394639014,0.09,1.252e-08
88.2277245157504,0.11,1.635e-08
88.3201095675993,0.13,2.098e-08
88.4124946194483,0.15,2.626e-08
88.5048796712972,0.17,3.233e-08
88.5972647231462,0.19,3.968e-08
88.6896497749951,0.21,4.833e-08
88.7820348268441,0.23,5.842e-08
88.874419878693,0.25,6.954e-08
88.966804930542,0.27,8.292e-08
89.0591899823909,0.29,9.752e-08
89.1515750342399,0.31,1.143e-07
89.2439600860888,0.33,1.34e-07
89.3363451379378,0.35,1.56e-07
89.4287301897867,0.37,1.811e-07
89.5211152416357,0.39,2.093e-07
89.6135002934846,0.41,2.407e-07
89.7058853453336,0.43,2.763e-07
89.7982703971826,0.45,3.159e-07
89.8906554490315,0.47,3.61e-07
89.9830405008805,0.49,4.102e-07
90.0754255527294,0.51,4.657e-07
90.1678106045784,0.53,5.303e-07
90.2601956564273,0.55,5.991e-07
90.3525807082763,0.57,6.755e-07
90.4449657601252,0.59,7.595e-07
90.5373508119742,0.61,8.528e-07
90.6297358638231,0.63,9.544e-07
90.7221209156721,0.65,1.068e-06
90.814505967521,0.67,1.194e-06
90.90689101937,0.69,1.332e-06
90.999276071219,0.71,1.478e-06
91.0916611230679,0.73,1.64e-06
91.1840461749169,0.75,1.82e-06
91.2764312267658,0.77,2.014e-06
91.3688162786148,0.79,2.224e-06
91.4612013304637,0.81,2.455e-06
91.5535863823127,0.83,2.706e-06
91.6459714341616,0.85,2.973e-06
91.7383564860106,0.87,3.264e-06
91.8307415378595,0.89,3.574e-06
91.9231265897085,0.91,3.904e-06
92.0155116415574,0.93,4.261e-06
92.1078966934064,0.95,4.643e-06
92.2002817452554,0.97,5.038e-06
92.2926667971043,0.99,5.474e-06
92.3850518489533,1.01,5.946e-06
92.4774369008022,1.03,6.442e-06
92.5698219526512,1.05,6.967e-06
92.6622070045001,1.07,7.53e-06
92.7545920563491,1.09,8.127e-06
92.846977108198,1.11,8.761e-06
92.939362160047,1.13,9.427e-06
93.0317472118959,1.15,1.013e-05
93.1241322637449,1.17,1.088e-05
93.2165173155938,1.19,1.167e-05
93.3089023674428,1.21,1.25e-05
93.4012874192917,1.23,1.336e-05
93.4936724711407,1.25,1.428e-05
93.5860575229896,1.27,1.524e-05
93.6784425748386,1.29,1.626e-05
93.7708276266875,1.31,1.73e-05
93.8632126785365,1.33,1.842e-05
93.9555977303855,1.35,1.957e-05
94.0479827822344,1.37,2.078e-05
94.1403678340834,1.39,2.203e-05
94.2327528859323,1.41,2.334e-05
94.3251379377813,1.43,2.471e-05
94.4175229896302,1.45,2.611e-05
94.5099080414792,1.47,2.758e-05
94.6022930933281,1.49,2.91e-05
94.6946781451771,1.51,3.07e-05
94.787063197026,1.53,3.234e-05
94.879448248875,1.55,3.406e-05
94.9718333007239,1.57,3.584e-05
95.0642183525729,1.59,3.767e-05
95.1566034044219,1.61,3.957e-05
95.2489884562708,1.63,4.151e-05
95.3413735081198,1.65,4.352e-05
95.4337585599687,1.67,4.558e-05
95.5261436118177,1.69,4.773e-05
95.6185286636666,1.71,4.995e-05
95.7109137155156,1.73,5.121e-05
95.8032987673645,1.75,5.359e-05
95.8956838192135,1.77,5.602e-05
95.9880688710624,1.79,5.85e-05
96.0804539229114,1.81,6.107e-05
96.1728389747603,1.83,6.366e-05
96.2652240266093,1.85,6.639e-05
96.3576090784582,1.87,6.914e-05
96.4499941303072,1.89,7.194e-05
96.5423791821561,1.91,7.484e-05
96.6347642340051,1.93,7.778e-05
96.7271492858541,1.95,8.08e-05
96.819534337703,1.97,8.39e-05
96.911919389552,1.99,8.703e-05
97.0043044414009,2.01,9.025e-05
97.0966894932499,2.03,9.354e-05
97.1890745450988,2.05,9.685e-05
97.2814595969478,2.07,0.0001003
97.3738446487967,2.09,0.0001037
97.4662297006457,2.11,0.0001072
97.5586147524946,2.13,0.0001108
97.6509998043436,2.15,0.0001145
97.7433848561925,2.17,0.0001182
97.8357699080415,2.19,0.000122
97.9281549598904,2.21,0.0001258
98.0205400117394,2.23,0.0001297
98.1129250635883,2.25,0.0001336
98.2053101154373,2.27,0.0001376
98.2976951672863,2.29,0.0001416
98.3900802191352,2.31,0.0001457
98.4824652709842,2.33,0.0001499
98.5748503228331,2.35,0.0001541
98.6672353746821,2.37,0.0001583
98.759620426531,2.39,0.0001626
98.85200547838,2.41,0.000167
98.9443905302289,2.43,0.0001715
99.0367755820779,2.45,0.0001761
99.1291606339268,2.47,0.0001806
99.2215456857758,2.49,0.0001851
99.3139307376247,2.51,0.0001898
99.4063157894737,2.53,0.0001944
99.4987008413226,2.55,0.000199
99.5910858931716,2.57,0.0002037
99.6834709450206,2.59,0.0002085
99.7758559968695,2.61,0.0002133
99.8682410487185,2.63,0.0002182
99.9606261005674,2.65,0.0002231
100.053011152416,2.67,0.0002281
100.145396204265,2.69,0.000233
100.237781256114,2.71,0.000238
100.330166307963,2.73,0.0002432
100.422551359812,2.75,0.0002481
100.514936411661,2.77,0.0002532
100.60732146351,2.79,0.0002583
100.699706515359,2.81,0.0002633
100.792091567208,2.83,0.0002685
100.884476619057,2.85,0.0002736
100.976861670906,2.87,0.0002788
101.069246722755,2.89,0.000284
101.161631774604,2.91,0.0002892
101.254016826453,2.93,0.0002945
101.346401878302,2.95,0.0002999
101.438786930151,2.97,0.000305
101.531171982,2.99,0.0003104
101.623557033849,2.99,0.0003057
101.715942085698,2.97,0.000291
101.808327137546,2.95,0.0002777
101.900712189395,2.93,0.0002654
101.993097241244,2.91,0.0002538
102.085482293093,2.89,0.0002429
102.177867344942,2.87,0.0002327
102.270252396791,2.85,0.0002227
102.36263744864,2.83,0.0002132
102.455022500489,2.81,0.0002045
102.547407552338,2.79,0.0001961
102.639792604187,2.77,0.0001882
102.732177656036,2.75,0.0001805
102.824562707885,2.73,0.0001733
102.916947759734,2.71,0.0001664
103.009332811583,2.69,0.0001597
103.101717863432,2.67,0.0001533
103.194102915281,2.65,0.000147
103.28648796713,2.63,0.000141
103.378873018979,2.61,0.0001353
103.471258070828,2.59,0.0001298
103.563643122677,2.57,0.0001245
103.656028174526,2.55,0.0001194
103.748413226375,2.53,0.0001146
103.840798278223,2.51,0.0001099
103.933183330072,2.49,0.0001053
104.025568381921,2.47,0.000101
104.11795343377,2.45,9.691e-05
104.210338485619,2.43,9.284e-05
104.302723537468,2.41,8.9e-05
104.395108589317,2.39,8.528e-05
104.487493641166,2.37,8.17e-05
104.579878693015,2.35,7.83e-05
104.672263744864,2.33,7.497e-05
104.764648796713,2.31,7.178e-05
104.857033848562,2.29,6.869e-05
104.949418900411,2.27,6.573e-05
105.04180395226,2.25,6.295e-05
105.134189004109,2.23,6.022e-05
105.226574055958,2.21,5.756e-05
105.318959107807,2.19,5.503e-05
105.411344159656,2.17,5.26e-05
105.503729211505,2.15,5.03e-05
105.596114263354,2.13,4.804e-05
105.688499315203,2.11,4.59e-05
105.780884367051,2.09,4.385e-05
105.8732694189,2.07,4.19e-05
105.965654470749,2.05,4.001e-05
106.058039522598,2.03,3.824e-05
106.150424574447,2.01,3.65e-05
106.242809626296,1.99,3.484e-05
106.335194678145,1.97,3.323e-05
106.427579729994,1.95,3.169e-05
106.519964781843,1.93,3.021e-05
106.612349833692,1.91,2.878e-05
106.704734885541,1.89,2.744e-05
106.79711993739,1.87,2.614e-05
106.889504989239,1.85,2.488e-05
106.981890041088,1.83,2.37e-05
107.074275092937,1.81,2.257e-05
107.166660144786,1.79,2.147e-05
107.259045196635,1.77,2.043e-05
107.351430248484,1.75,1.945e-05
107.443815300333,1.73,1.85e-05
107.536200352182,1.71,1.759e-05
107.628585404031,1.69,1.671e-05
107.720970455879,1.67,1.588e-05
107.813355507728,1.65,1.508e-05
107.905740559577,1.63,1.433e-05
107.998125611426,1.61,1.36e-05
108.090510663275,1.59,1.292e-05
108.182895715124,1.57,1.225e-05
108.275280766973,1.55,1.162e-05
108.367665818822,1.53,1.102e-05
108.460050870671,1.51,1.045e-05
108.55243592252,1.49,9.897e-06
108.644820974369,1.47,9.377e-06
108.737206026218,1.45,8.882e-06
108.829591078067,1.43,8.414e-06
108.921976129916,1.41,7.962e-06
109.014361181765,1.39,7.531e-06
109.106746233614,1.37,7.127e-06
109.199131285463,1.35,6.741e-06
109.291516337312,1.33,6.372e-06
109.383901389161,1.31,6.016e-06
109.47628644101,1.29,5.687e-06
109.568671492859,1.27,5.367e-06
109.661056544708,1.25,5.057e-06
109.753441596556,1.23,4.773e-06
109.845826648405,1.21,4.498e-06
109.938211700254,1.19,4.238e-06
110.030596752103,1.17,3.999e-06
110.122981803952,1.15,3.766e-06
110.215366855801,1.13,3.539e-06
110.30775190765,1.11,3.328e-06
110.400136959499,1.09,3.126e-06
110.492522011348,1.07,2.939e-06
110.584907063197,1.05,2.757e-06
110.677292115046,1.03,2.584e-06
110.769677166895,1.01,2.419e-06
110.862062218744,0.99,2.265e-06
110.954447270593,0.97,2.118e-06
111.046832322442,0.95,1.981e-06
111.139217374291,0.93,1.851e-06
111.23160242614,0.91,1.726e-06
111.323987477989,0.89,1.61e-06
111.416372529838,0.87,1.499e-06
111.508757581687,0.85,1.395e-06
111.601142633536,0.83,1.298e-06
111.693527685384,0.81,1.205e-06
111.785912737233,0.79,1.116e-06
111.878297789082,0.77,1.033e-06
111.970682840931,0.75,9.542e-07
112.06306789278,0.73,8.811e-07
112.155452944629,0.71,8.114e-07
112.247837996478,0.69,7.469e-07
112.340223048327,0.67,6.86e-07
112.432608100176,0.65,6.288e-07
112.524993152025,0.63,5.75e-07
112.617378203874,0.61,5.255e-07
112.709763255723,0.59,4.79e-07
112.802148307572,0.57,4.352e-07
112.894533359421,0.55,3.939e-07
112.98691841127,0.53,3.564e-07
113.079303463119,0.51,3.219e-07
113.171688514968,0.49,2.899e-07
113.264073566817,0.47,2.6e-07
113.356458618666,0.45,2.322e-07
113.448843670515,0.43,2.072e-07
113.541228722364,0.41,1.845e-07
113.633613774213,0.39,1.632e-07
113.725998826061,0.37,1.441e-07
113.81838387791,0.35,1.266e-07
113.910768929759,0.33,1.105e-07
114.003153981608,0.31,9.652e-08
114.095539033457,0.29,8.328e-08
114.187924085306,0.27,7.177e-08
114.280309137155,0.25,6.145e-08
114.372694189004,0.23,5.243e-08
114.465079240853,0.21,4.422e-08
114.557464292702,0.19,3.699e-08
114.649849344551,0.17,3.062e-08
114.7422343964,0.15,2.503e-08
114.834619448249,0.13,2.023e-08
114.927004500098,0.11,1.6e-08
115.019389551947,0.09,1.238e-08
115.111774603796,0.07,9.189e-09
115.204159655645,0.05,6.312e-09
115.758469966738,0.06,7.171e-09
115.850855018587,0.08,9.967e-09
115.943240070436,0.1,1.321e-08
116.035625122285,0.12,1.691e-08
116.128010174134,0.14,2.139e-08
116.220395225983,0.16,2.66e-08
116.312780277832,0.18,3.263e-08
116.405165329681,0.2,3.964e-08
116.49755038153,0.22,4.772e-08
116.589935433379,0.24,5.726e-08
116.682320485228,0.26,6.784e-08
116.774705537077,0.28,7.993e-08
116.867090588926,0.3,9.352e-08
116.959475640775,0.32,1.087e-07
117.051860692624,0.34,1.264e-07
117.144245744473,0.36,1.461e-07
117.236630796322,0.38,1.68e-07
117.329015848171,0.4,1.933e-07
117.42140090002,0.42,2.204e-07
117.513785951869,0.44,2.519e-07
117.606171003717,0.46,2.858e-07
117.698556055566,0.48,3.239e-07
117.790941107415,0.5,3.663e-07
117.883326159264,0.52,4.13e-07
117.975711211113,0.54,4.649e-07
118.068096262962,0.56,5.245e-07
118.160481314811,0.58,5.864e-07
118.25286636666,0.6,6.542e-07
118.345251418509,0.62,7.285e-07
118.437636470358,0.64,8.097e-07
118.530021522207,0.66,8.987e-07
118.622406574056,0.68,9.978e-07
118.714791625905,0.7,1.101e-06
118.807176677754,0.72,1.217e-06
118.899561729603,0.74,1.34e-06
118.991946781452,0.76,1.474e-06
119.084331833301,0.78,1.617e-06
119.17671688515,0.8,1.771e-06
119.269101936999,0.82,1.938e-06
119.361486988848,0.84,2.117e-06
119.453872040697,0.86,2.306e-06
119.546257092546,0.88,2.511e-06
119.638642144394,0.9,2.729e-06
119.731027196243,0.92,2.96e-06
119.823412248092,0.94,3.209e-06
119.915797299941,0.96,3.47e-06
120.00818235179,0.98,3.749e-06
120.100567403639,1,4.044e-06
120.192952455488,0.98,3.74e-06
120.285337507337,0.96,3.459e-06
120.377722559186,0.94,3.194e-06
120.470107611035,0.92,2.946e-06
120.562492662884,0.9,2.712e-06
120.654877714733,0.88,2.497e-06
120.747262766582,0.86,2.294e-06
120.839647818431,0.84,2.108e-06
120.93203287028,0.82,1.933e-06
121.024417922129,0.8,1.77e-06
121.116802973978,0.78,1.618e-06
121.209188025827,0.76,1.478e-06
121.301573077676,0.74,1.346e-06
121.393958129525,0.72,1.225e-06
121.486343181374,0.7,1.113e-06
121.578728233222,0.68,1.01e-06
121.671113285071,0.66,9.144e-07
121.76349833692,0.64,8.261e-07
121.855883388769,0.62,7.45e-07
121.948268440618,0.6,6.706e-07
122.040653492467,0.58,6.022e-07
122.133038544316,0.56,5.397e-07
122.225423596165,0.54,4.825e-07
122.317808648014,0.52,4.306e-07
122.410193699863,0.5,3.809e-07
122.502578751712,0.48,3.381e-07
122.594963803561,0.46,2.993e-07
122.68734885541,0.44,2.645e-07
122.779733907259,0.42,2.333e-07
122.872118959108,0.4,2.049e-07
122.964504010957,0.38,1.79e-07
123.056889062806,0.36,1.561e-07
123.149274114655,0.34,1.352e-07
123.241659166504,0.32,1.168e-07
123.334044218353,0.3,1.005e-07
123.426429270202,0.28,8.58e-08
123.518814322051,0.26,7.3e-08
123.611199373899,0.24,6.174e-08
123.703584425748,0.22,5.179e-08
123.795969477597,0.2,4.313e-08
123.888354529446,0.18,3.532e-08
123.980739581295,0.16,2.898e-08
124.073124633144,0.14,2.335e-08
124.165509684993,0.12,1.845e-08
124.257894736842,0.1,1.429e-08
124.350279788691,0.08,1.081e-08
124.44266484054,0.06,7.675e-09
124.996975151634,-0.05,-6.087e-09
125.089360203483,-0.07,-9.297e-09
125.181745255332,-0.09,-1.315e-08
125.274130307181,-0.11,-1.79e-08
125.36651535903,-0.13,-2.376e-08
125.458900410879,-0.15,-3.09e-08
125.551285462727,-0.17,-3.982e-08
125.643670514576,-0.19,-5.014e-08
125.736055566425,-0.21,-6.304e-08
125.828440618274,-0.23,-7.884e-08
125.920825670123,-0.25,-9.753e-08
126.013210721972,-0.27,-1.199e-07
126.105595773821,-0.29,-1.467e-07
126.19798082567,-0.31,-1.786e-07
126.290365877519,-0.33,-2.166e-07
126.382750929368,-0.35,-2.609e-07
126.475135981217,-0.37,-3.13e-07
126.567521033066,-0.39,-3.749e-07
126.659906084915,-0.41,-4.466e-07
126.752291136764,-0.43,-5.243e-07
126.844676188613,-0.45,-6.208e-07
126.937061240462,-0.47,-7.326e-07
127.029446292311,-0.49,-8.624e-07
127.12183134416,-0.51,-1.013e-06
127.214216396009,-0.53,-1.187e-06
127.306601447858,-0.55,-1.386e-06
127.398986499707,-0.57,-1.615e-06
127.491371551555,-0.59,-1.879e-06
127.583756603404,-0.61,-2.184e-06
127.676141655253,-0.63,-2.527e-06
127.768526707102,-0.65,-2.923e-06
127.860911758951,-0.67,-3.366e-06
127.9532968108,-0.69,-3.876e-06
128.045681862649,-0.71,-4.452e-06
128.138066914498,-0.73,-5.082e-06
128.230451966347,-0.75,-5.806e-06
128.322837018196,-0.77,-6.631e-06
128.415222070045,-0.79,-7.561e-06
128.507607121894,-0.81,-8.595e-06
128.599992173743,-0.83,-9.766e-06
128.692377225592,-0.85,-1.107e-05
128.784762277441,-0.87,-1.253e-05
128.87714732929,-0.89,-1.415e-05
128.969532381139,-0.91,-1.595e-05
129.061917432988,-0.93,-1.796e-05
129.154302484837,-0.95,-2.02e-05
129.246687536686,-0.97,-2.267e-05
129.339072588535,-0.99,-2.541e-05
129.431457640384,-1.01,-2.842e-05
129.523842692232,-1.03,-3.171e-05
129.616227744081,-1.05,-3.536e-05
129.70861279593,-1.07,-3.935e-05
129.800997847779,-1.09,-4.37e-05
129.893382899628,-1.11,-4.845e-05
129.985767951477,-1.13,-5.36e-05
130.078153003326,-1.15,-5.918e-05
130.170538055175,-1.17,-6.52e-05
130.262923107024,-1.19,-7.177e-05
130.355308158873,-1.21,-7.885e-05
130.447693210722,-1.23,-8.652e-05
130.540078262571,-1.25,-9.483e-05
130.63246331442,-1.27,-0.0001037
130.724848366269,-1.29,-0.0001132
130.817233418118,-1.31,-0.0001234
130.909618469967,-1.33,-0.0001342
131.002003521816,-1.35,-0.0001459
131.094388573665,-1.37,-0.0001582
131.186773625514,-1.39,-0.0001713
131.279158677363,-1.41,-0.0001851
131.371543729212,-1.43,-0.0001996
131.46392878106,-1.45,-0.0002151
131.556313832909,-1.47,-0.0002314
131.648698884758,-1.49,-0.0002484
131.741083936607,-1.51,-0.0002663
131.833468988456,-1.53,-0.000285
131.925854040305,-1.55,-0.0003045
132.018239092154,-1.57,-0.0003247
132.110624144003,-1.59,-0.0003459
132.203009195852,-1.61,-0.000368
132.295394247701,-1.63,-0.0003908
132.38777929955,-1.65,-0.0004146
132.480164351399,-1.67,-0.000439
132.572549403248,-1.69,-0.0004643
132.664934455097,-1.71,-0.0004905
132.757319506946,-1.73,-0.0005155
132.849704558795,-1.75,-0.0005428
132.942089610644,-1.77,-0.0005709
133.034474662493,-1.79,-0.0006
133.126859714342,-1.81,-0.0006298
133.219244766191,-1.83,-0.0006606
133.31162981804,-1.85,-0.0006919
133.404014869888,-1.87,-0.0007241
133.496399921737,-1.89,-0.0007568
133.588784973586,-1.91,-0.0007904
133.681170025435,-1.93,-0.0008246
133.773555077284,-1.95,-0.0008594
133.865940129133,-1.97,-0.0008951
133.958325180982,-1.99,-0.000931
134.050710232831,-2.01,-0.0009677
134.14309528468,-2.03,-0.001005
134.235480336529,-2.05,-0.001043
134.327865388378,-2.07,-0.001081
134.420250440227,-2.09,-0.00112
134.512635492076,-2.11,-0.001159
134.605020543925,-2.13,-0.001199
134.697405595774,-2.15,-0.001239
134.789790647623,-2.17,-0.00128
134.882175699472,-2.19,-0.001321
134.974560751321,-2.21,-0.001363
135.06694580317,-2.23,-0.001405
135.159330855019,-2.25,-0.001448
135.251715906868,-2.27,-0.001491
135.344100958717,-2.29,-0.001534
135.436486010565,-2.31,-0.001577
135.528871062414,-2.33,-0.001621
135.621256114263,-2.35,-0.001665
135.713641166112,-2.37,-0.001709
135.806026217961,-2.39,-0.001754
135.89841126981,-2.41,-0.0018
135.990796321659,-2.43,-0.001845
136.083181373508,-2.45,-0.001891
136.175566425357,-2.47,-0.001937
136.267951477206,-2.49,-0.001984
136.360336529055,-2.51,-0.00203
136.452721580904,-2.53,-0.002076
136.545106632753,-2.55,-0.002123
136.637491684602,-2.57,-0.00217
136.729876736451,-2.59,-0.002217
136.8222617883,-2.61,-0.002265
136.914646840149,-2.63,-0.002313
137.007031891998,-2.65,-0.00236
137.099416943847,-2.67,-0.002409
137.191801995696,-2.69,-0.002456
137.284187047545,-2.71,-0.002505
137.376572099393,-2.73,-0.002553
137.468957151242,-2.75,-0.002601
137.561342203091,-2.77,-0.002649
137.65372725494,-2.79,-0.002698
137.746112306789,-2.81,-0.002746
137.838497358638,-2.83,-0.002795
137.930882410487,-2.85,-0.002844
138.023267462336,-2.87,-0.002893
138.115652514185,-2.89,-0.002942
138.208037566034,-2.91,-0.002991
138.300422617883,-2.93,-0.00304
138.392807669732,-2.95,-0.003089
138.485192721581,-2.97,-0.003139
138.57757777343,-2.99,-0.003185
138.669962825279,-2.99,-0.003177
138.762347877128,-2.97,-0.003111
138.854732928977,-2.95,-0.003046
138.947117980826,-2.93,-0.002981
139.039503032675,-2.91,-0.002918
139.131888084524,-2.89,-0.002854
139.224273136373,-2.87,-0.002792
139.316658188222,-2.85,-0.00273
139.40904324007,-2.83,-0.002668
139.501428291919,-2.81,-0.002608
139.593813343768,-2.79,-0.002549
139.686198395617,-2.77,-0.00249
139.778583447466,-2.75,-0.002431
139.870968499315,-2.73,-0.002374
139.963353551164,-2.71,-0.002316
140.055738603013,-2.69,-0.00226
140.148123654862,-2.67,-0.002204
140.240508706711,-2.65,-0.002148
140.33289375856,-2.63,-0.002094
140.425278810409,-2.61,-0.00204
140.517663862258,-2.59,-0.001986
140.610048914107,-2.57,-0.001933
140.702433965956,-2.55,-0.00188
140.794819017805,-2.53,-0.001828
140.887204069654,-2.51,-0.001777
140.979589121503,-2.49,-0.001727
141.071974173352,-2.47,-0.001677
141.164359225201,-2.45,-0.001628
141.25674427705,-2.43,-0.001579
141.349129328898,-2.41,-0.001531
141.441514380747,-2.39,-0.001484
141.533899432596,-2.37,-0.001438
141.626284484445,-2.35,-0.001392
141.718669536294,-2.33,-0.001348
141.811054588143,-2.31,-0.001303
141.903439639992,-2.29,-0.001259
141.995824691841,-2.27,-0.001216
142.08820974369,-2.25,-0.001174
142.180594795539,-2.23,-0.001132
142.272979847388,-2.21,-0.001092
142.365364899237,-2.19,-0.001052
142.457749951086,-2.17,-0.001012
142.550135002935,-2.15,-0.0009742
142.642520054784,-2.13,-0.0009365
142.734905106633,-2.11,-0.0008996
142.827290158482,-2.09,-0.0008642
142.919675210331,-2.07,-0.0008288
143.01206026218,-2.05,-0.0007943
143.104445314029,-2.03,-0.0007608
143.196830365878,-2.01,-0.0007279
143.289215417726,-1.99,-0.0006961
143.381600469575,-1.97,-0.0006651
143.473985521424,-1.95,-0.0006348
143.566370573273,-1.93,-0.0006054
143.658755625122,-1.91,-0.0005769
143.751140676971,-1.89,-0.0005492
143.84352572882,-1.87,-0.0005222
143.935910780669,-1.85,-0.0004961
144.028295832518,-1.83,-0.0004709
144.120680884367,-1.81,-0.0004465
144.213065936216,-1.79,-0.000423
144.305450988065,-1.77,-0.0004003
144.397836039914,-1.75,-0.000378
144.490221091763,-1.73,-0.000357
144.582606143612,-1.71,-0.0003368
144.674991195461,-1.69,-0.0003173
144.76737624731,-1.67,-0.0002988
144.859761299159,-1.65,-0.0002809
144.952146351008,-1.63,-0.0002638
145.044531402857,-1.61,-0.0002475
145.136916454706,-1.59,-0.0002319
145.229301506555,-1.57,-0.0002171
145.321686558403,-1.55,-0.000203
145.414071610252,-1.53,-0.0001895
145.506456662101,-1.51,-0.0001767
145.59884171395,-1.49,-0.0001647
145.691226765799,-1.47,-0.0001532
145.783611817648,-1.45,-0.0001424
145.875996869497,-1.43,-0.0001321
145.968381921346,-1.41,-0.0001224
146.060766973195,-1.39,-0.0001134
146.153152025044,-1.37,-0.0001048
146.245537076893,-1.35,-9.684e-05
146.337922128742,-1.33,-8.929e-05
146.430307180591,-1.31,-8.224e-05
146.52269223244,-1.29,-7.564e-05
146.615077284289,-1.27,-6.945e-05
146.707462336138,-1.25,-6.368e-05
146.799847387987,-1.23,-5.837e-05
146.892232439836,-1.21,-5.34e-05
146.984617491685,-1.19,-4.878e-05
147.077002543534,-1.17,-4.451e-05
147.169387595383,-1.15,-4.055e-05
147.261772647231,-1.13,-3.687e-05
147.35415769908,-1.11,-3.351e-05
147.446542750929,-1.09,-3.04e-05
147.538927802778,-1.07,-2.752e-05
147.631312854627,-1.05,-2.49e-05
147.723697906476,-1.03,-2.25e-05
147.816082958325,-1.01,-2.028e-05
147.908468010174,-0.99,-1.826e-05
148.000853062023,-0.97,-1.643e-05
148.093238113872,-0.95,-1.474e-05
148.185623165721,-0.93,-1.322e-05
148.27800821757,-0.91,-1.184e-05
148.370393269419,-0.89,-1.059e-05
148.462778321268,-0.87,-9.444e-06
148.555163373117,-0.85,-8.42e-06
148.647548424966,-0.83,-7.491e-06
148.739933476815,-0.81,-6.661e-06
148.832318528664,-0.79,-5.9e-06
148.924703580513,-0.77,-5.225e-06
149.017088632362,-0.75,-4.622e-06
149.109473684211,-0.73,-4.078e-06
149.20185873606,-0.71,-3.575e-06
149.294243787908,-0.69,-3.146e-06
149.386628839757,-0.67,-2.762e-06
149.479013891606,-0.65,-2.418e-06
149.571398943455,-0.63,-2.116e-06
149.663783995304,-0.61,-1.846e-06
149.756169047153,-0.59,-1.609e-06
149.848554099002,-0.57,-1.398e-06
149.940939150851,-0.55,-1.211e-06
150.0333242027,-0.53,-1.048e-06
150.125709254549,-0.51,-9.027e-07
150.218094306398,-0.49,-7.791e-07
150.310479358247,-0.47,-6.7e-07
150.402864410096,-0.45,-5.749e-07
150.495249461945,-0.43,-4.923e-07
150.587634513794,-0.41,-4.183e-07
150.680019565643,-0.39,-3.551e-07
150.772404617492,-0.37,-3.002e-07
150.864789669341,-0.35,-2.54e-07
150.95717472119,-0.33,-2.136e-07
151.049559773039,-0.31,-1.787e-07
151.141944824888,-0.29,-1.489e-07
151.234329876736,-0.27,-1.232e-07
151.326714928585,-0.25,-1.018e-07
151.419099980434,-0.23,-8.283e-08
151.511485032283,-0.21,-6.718e-08
151.603870084132,-0.19,-5.381e-08
151.696255135981,-0.17,-4.295e-08
151.78864018783,-0.15,-3.363e-08
151.881025239679,-0.13,-2.636e-08
151.973410291528,-0.11,-2e-08
152.065795343377,-0.09,-1.5e-08
152.158180395226,-0.07,-1.07e-08
152.250565447075,-0.05,-7.073e-09
152.804875758169,0.06,9.482e-09
152.897260810018,0.08,1.338e-08
152.989645861867,0.1,1.791e-08
153.082030913716,0.12,2.351e-08
153.174415965564,0.14,2.989e-08
153.266801017413,0.16,3.774e-08
153.359186069262,0.18,4.701e-08
153.451571121111,0.2,5.796e-08
153.54395617296,0.22,7.063e-08
153.636341224809,0.24,8.624e-08
153.728726276658,0.26,1.044e-07
153.821111328507,0.28,1.259e-07
153.913496380356,0.3,1.504e-07
154.005881432205,0.32,1.798e-07
154.098266484054,0.34,2.137e-07
154.190651535903,0.36,2.531e-07
154.283036587752,0.38,2.981e-07
154.375421639601,0.4,3.519e-07
154.46780669145,0.42,4.121e-07
154.560191743299,0.44,4.805e-07
154.652576795148,0.46,5.636e-07
154.744961846997,0.48,6.561e-07
154.837346898846,0.5,7.61e-07
154.929731950695,0.52,8.84e-07
155.022117002544,0.54,1.023e-06
155.114502054393,0.56,1.186e-06
155.206887106241,0.58,1.368e-06
155.29927215809,0.6,1.58e-06
155.391657209939,0.62,1.819e-06
155.484042261788,0.64,2.092e-06
155.576427313637,0.66,2.402e-06
155.668812365486,0.68,2.754e-06
155.761197417335,0.7,3.156e-06
155.853582469184,0.72,3.61e-06
155.945967521033,0.74,4.128e-06
156.038352572882,0.76,4.707e-06
156.130737624731,0.78,5.488e-06
156.22312267658,0.8,6.194e-06
156.315507728429,0.82,6.982e-06
156.407892780278,0.84,7.871e-06
156.500277832127,0.86,8.874e-06
156.592662883976,0.88,9.979e-06
156.685047935825,0.9,1.122e-05
156.777432987674,0.92,1.261e-05
156.869818039523,0.94,1.412e-05
156.962203091372,0.96,1.583e-05
157.054588143221,0.98,1.77e-05
157.146973195069,1,1.975e-05
157.239358246918,0.98,1.796e-05
157.331743298767,0.96,1.627e-05
157.424128350616,0.94,1.468e-05
157.516513402465,0.92,1.323e-05
157.608898454314,0.9,1.189e-05
157.701283506163,0.88,1.066e-05
157.793668558012,0.86,9.543e-06
157.886053609861,0.84,8.517e-06
157.97843866171,0.82,7.608e-06
158.070823713559,0.8,6.779e-06
158.163208765408,0.78,6.031e-06
158.255593817257,0.76,5.358e-06
158.347978869106,0.74,4.757e-06
158.440363920955,0.72,4.21e-06
158.532748972804,0.7,3.686e-06
158.625134024653,0.68,3.253e-06
158.717519076502,0.66,2.87e-06
158.809904128351,0.64,2.525e-06
158.9022891802,0.62,2.216e-06
158.994674232049,0.6,1.943e-06
159.087059283898,0.58,1.701e-06
159.179444335746,0.56,1.484e-06
159.271829387595,0.54,1.294e-06
159.364214439444,0.52,1.123e-06
159.456599491293,0.5,9.742e-07
159.548984543142,0.48,8.436e-07
159.641369594991,0.46,7.296e-07
159.73375464684,0.44,6.272e-07
159.826139698689,0.42,5.392e-07
159.918524750538,0.4,4.618e-07
160.010909802387,0.38,3.89e-07
160.103294854236,0.36,3.313e-07
160.195679906085,0.34,2.816e-07
160.288064957934,0.32,2.375e-07
160.380450009783,0.3,2.006e-07
160.472835061632,0.28,1.683e-07
160.565220113481,0.26,1.405e-07
160.65760516533,0.24,1.168e-07
160.749990217179,0.22,9.603e-08
160.842375269028,0.2,7.845e-08
160.934760320877,0.18,6.361e-08
161.027145372725,0.16,5.138e-08
161.119530424574,0.14,4.088e-08
161.211915476423,0.12,3.131e-08
161.304300528272,0.1,2.404e-08
161.396685580121,0.08,1.792e-08
161.48907063197,0.06,1.272e-08
162.043380943064,0.05,9.124e-09
162.135765994913,0.07,1.329e-08
162.228151046762,0.09,1.842e-08
162.320536098611,0.11,2.425e-08
162.41292115046,0.13,3.128e-08
162.505306202309,0.15,3.963e-08
162.597691254158,0.17,4.966e-08
162.690076306007,0.19,6.196e-08
162.782461357856,0.21,7.615e-08
162.874846409705,0.23,9.297e-08
162.967231461554,0.25,1.126e-07
163.059616513402,0.27,1.357e-07
163.152001565251,0.29,1.628e-07
163.2443866171,0.31,1.939e-07
163.336771668949,0.33,2.31e-07
163.429156720798,0.35,2.739e-07
163.521541772647,0.37,3.226e-07
163.613926824496,0.39,3.799e-07
163.706311876345,0.41,4.446e-07
163.798696928194,0.43,5.221e-07
163.891081980043,0.45,6.081e-07
163.983467031892,0.47,7.072e-07
164.075852083741,0.49,8.193e-07
164.16823713559,0.51,9.484e-07
164.260622187439,0.53,1.096e-06
164.353007239288,0.55,1.261e-06
164.445392291137,0.57,1.451e-06
164.537777342986,0.59,1.665e-06
164.630162394835,0.61,1.906e-06
164.722547446684,0.63,2.18e-06
164.814932498533,0.65,2.487e-06
164.907317550382,0.67,2.829e-06
164.999702602231,0.69,3.216e-06
165.092087654079,0.71,3.656e-06
165.184472705928,0.73,4.148e-06
165.276857757777,0.75,4.694e-06
165.369242809626,0.77,5.339e-06
165.461627861475,0.79,6.004e-06
165.554012913324,0.81,6.753e-06
165.646397965173,0.83,7.582e-06
165.738783017022,0.85,8.498e-06
165.831168068871,0.87,9.523e-06
165.92355312072,0.89,1.065e-05
166.015938172569,0.91,1.191e-05
166.108323224418,0.93,1.33e-05
166.200708276267,0.95,1.482e-05
166.293093328116,0.97,1.651e-05
166.385478379965,0.99,1.836e-05
166.477863431814,1.01,2.041e-05
166.570248483663,1.03,2.263e-05
166.662633535512,1.05,2.511e-05
166.755018587361,1.07,2.778e-05
166.84740363921,1.09,3.071e-05
166.939788691059,1.11,3.389e-05
167.032173742907,1.13,3.734e-05
167.124558794756,1.15,4.109e-05
167.216943846605,1.17,4.512e-05
167.309328898454,1.19,4.949e-05
167.401713950303,1.21,5.451e-05
167.494099002152,1.23,5.94e-05
167.586484054001,1.25,6.463e-05
167.67886910585,1.27,7.028e-05
167.771254157699,1.29,7.632e-05
167.863639209548,1.31,8.274e-05
167.956024261397,1.33,8.962e-05
168.048409313246,1.35,9.693e-05
168.140794365095,1.37,0.0001046
168.233179416944,1.39,0.0001126
168.325564468793,1.41,0.0001211
168.417949520642,1.43,0.0001298
168.510334572491,1.45,0.000139
168.60271962434,1.47,0.0001485
168.695104676189,1.49,0.0001583
168.787489728038,1.51,0.0001685
168.879874779887,1.53,0.000179
168.972259831735,1.55,0.0001897
169.064644883584,1.57,0.0002007
169.157029935433,1.59,0.0002118
169.249414987282,1.61,0.0002231
169.341800039131,1.63,0.0002347
169.43418509098,1.65,0.0002463
169.526570142829,1.67,0.000258
169.618955194678,1.69,0.0002696
169.711340246527,1.71,0.0002813
169.803725298376,1.73,0.0002931
169.896110350225,1.75,0.0003047
169.988495402074,1.77,0.0003162
170.080880453923,1.79,0.0003277
170.173265505772,1.81,0.000339
170.265650557621,1.83,0.0003499
170.35803560947,1.85,0.0003607
170.450420661319,1.87,0.0003711
170.542805713168,1.89,0.0003813
170.635190765017,1.91,0.0003912
170.727575816866,1.93,0.0004007
170.819960868715,1.95,0.0004096
170.912345920563,1.97,0.0004179
171.004730972412,1.99,0.000426
171.097116024261,2.01,0.0004333
171.18950107611,2.03,0.0004404
171.281886127959,2.05,0.0004469
171.374271179808,2.07,0.0004527
171.466656231657,2.09,0.0004578
171.559041283506,2.11,0.0004621
171.651426335355,2.13,0.000466
171.743811387204,2.15,0.0004696
171.836196439053,2.17,0.0004724
171.928581490902,2.19,0.0004745
172.020966542751,2.21,0.0004765
172.1133515946,2.23,0.0004778
172.205736646449,2.25,0.0004783
172.298121698298,2.27,0.0004784
172.390506750147,2.29,0.0004782
172.482891801996,2.31,0.0004776
172.575276853845,2.33,0.0004766
172.667661905694,2.35,0.0004754
172.760046957543,2.37,0.0004737
172.852432009392,2.39,0.0004717
172.94481706124,2.41,0.0004696
173.037202113089,2.43,0.0004672
173.129587164938,2.45,0.0004647
173.221972216787,2.47,0.0004619
173.314357268636,2.49,0.000459
173.406742320485,2.51,0.0004561
173.499127372334,2.53,0.0004534
173.591512424183,2.55,0.0004504
173.683897476032,2.57,0.0004474
173.776282527881,2.59,0.0004444
173.86866757973,2.61,0.0004417
173.961052631579,2.63,0.0004387
174.053437683428,2.65,0.0004361
174.145822735277,2.67,0.0004335
174.238207787126,2.69,0.0004306
174.330592838975,2.71,0.0004279
174.422977890824,2.73,0.0004252
174.515362942673,2.75,0.0004228
174.607747994522,2.77,0.0004204
174.700133046371,2.79,0.0004182
174.79251809822,2.81,0.0004158
174.884903150069,2.83,0.000414
174.977288201917,2.85,0.0004119
175.069673253766,2.87,0.0004096
175.162058305615,2.89,0.0004078
175.254443357464,2.91,0.0004061
175.346828409313,2.93,0.0004047
175.439213461162,2.95,0.0004034
175.531598513011,2.97,0.0004019
175.62398356486,2.99,0.0004012
175.716368616709,2.99,0.0003874
175.808753668558,2.97,0.0003635
175.901138720407,2.95,0.0003423
175.993523772256,2.93,0.0003227
176.085908824105,2.91,0.000305
176.178293875954,2.89,0.000289
176.270678927803,2.87,0.000274
176.363063979652,2.85,0.0002604
176.455449031501,2.83,0.0002477
176.54783408335,2.81,0.000236
176.640219135199,2.79,0.0002248
176.732604187048,2.77,0.0002143
176.824989238897,2.75,0.0002044
176.917374290745,2.73,0.0001949
177.009759342594,2.71,0.0001858
177.102144394443,2.69,0.0001778
177.194529446292,2.67,0.0001698
177.286914498141,2.65,0.0001622
177.37929954999,2.63,0.000155
177.471684601839,2.61,0.0001483
177.564069653688,2.59,0.0001418
177.656454705537,2.57,0.0001356
177.748839757386,2.55,0.0001296
177.841224809235,2.53,0.000124
177.933609861084,2.51,0.0001186
178.025994912933,2.49,0.0001134
178.118379964782,2.47,0.0001086
178.210765016631,2.45,0.0001038
178.30315006848,2.43,9.926e-05
178.395535120329,2.41,9.494e-05
178.487920172178,2.39,9.082e-05
178.580305224027,2.37,8.688e-05
178.672690275876,2.35,8.312e-05
178.765075327725,2.33,7.949e-05
178.857460379573,2.31,7.601e-05
178.949845431422,2.29,7.265e-05
179.042230483271,2.27,6.944e-05
179.13461553512,2.25,6.636e-05
179.227000586969,2.23,6.342e-05
179.319385638818,2.21,6.062e-05
179.411770690667,2.19,5.794e-05
179.504155742516,2.17,5.535e-05
179.596540794365,2.15,5.285e-05
179.688925846214,2.13,5.049e-05
179.781310898063,2.11,4.82e-05
179.873695949912,2.09,4.601e-05
179.966081001761,2.07,4.392e-05
180.05846605361,2.05,4.192e-05
180.150851105459,2.03,4.003e-05
180.243236157308,2.01,3.818e-05
180.335621209157,1.99,3.641e-05
180.428006261006,1.97,3.47e-05
180.520391312855,1.95,3.309e-05
180.612776364704,1.93,3.154e-05
180.705161416553,1.91,3.003e-05
180.797546468401,1.89,2.862e-05
180.88993152025,1.87,2.727e-05
180.982316572099,1.85,2.598e-05
181.074701623948,1.83,2.473e-05
181.167086675797,1.81,2.354e-05
181.259471727646,1.79,2.242e-05
181.351856779495,1.77,2.133e-05
181.444241831344,1.75,2.028e-05
181.536626883193,1.73,1.93e-05
181.629011935042,1.71,1.835e-05
181.721396986891,1.69,1.745e-05
181.81378203874,1.67,1.659e-05
181.906167090589,1.65,1.577e-05
181.998552142438,1.63,1.497e-05
182.090937194287,1.61,1.422e-05
182.183322246136,1.59,1.351e-05
182.275707297985,1.57,1.282e-05
182.368092349834,1.55,1.217e-05
182.460477401683,1.53,1.154e-05
182.552862453532,1.51,1.094e-05
182.645247505381,1.49,1.038e-05
182.73763255723,1.47,9.824e-06
182.830017609078,1.45,9.303e-06
182.922402660927,1.43,8.809e-06
183.014787712776,1.41,8.344e-06
183.107172764625,1.39,7.907e-06
183.199557816474,1.37,7.482e-06
183.291942868323,1.35,7.069e-06
183.384327920172,1.33,6.687e-06
183.476712972021,1.31,6.318e-06
183.56909802387,1.29,5.975e-06
183.661483075719,1.27,5.64e-06
183.753868127568,1.25,5.33e-06
183.846253179417,1.23,5.031e-06
183.938638231266,1.21,4.737e-06
184.031023283115,1.19,4.471e-06
184.123408334964,1.17,4.216e-06
184.215793386813,1.15,3.984e-06
184.308178438662,1.13,3.746e-06
184.400563490511,1.11,3.525e-06
184.49294854236,1.09,3.31e-06
184.585333594209,1.07,3.109e-06
184.677718646058,1.05,2.925e-06
184.770103697906,1.03,2.749e-06
184.862488749755,1.01,2.576e-06
184.954873801604,0.99,2.413e-06
185.047258853453,0.97,2.263e-06
185.139643905302,0.95,2.116e-06
185.232028957151,0.93,1.979e-06
185.324414009,0.91,1.851e-06
185.416799060849,0.89,1.728e-06
185.509184112698,0.87,1.611e-06
185.601569164547,0.85,1.502e-06
185.693954216396,0.83,1.398e-06
185.786339268245,0.81,1.301e-06
185.878724320094,0.79,1.206e-06
185.971109371943,0.77,1.119e-06
186.063494423792,0.75,1.036e-06
186.155879475641,0.73,9.573e-07
186.24826452749,0.71,8.834e-07
186.340649579339,0.69,8.138e-07
186.433034631188,0.67,7.482e-07
186.525419683037,0.65,6.866e-07
186.617804734886,0.63,6.281e-07
186.710189786735,0.61,5.746e-07
186.802574838583,0.59,5.243e-07
186.894959890432,0.57,4.77e-07
186.987344942281,0.55,4.339e-07
187.07972999413,0.53,3.938e-07
187.172115045979,0.51,3.55e-07
187.264500097828,0.49,3.19e-07
187.356885149677,0.47,2.861e-07
187.449270201526,0.45,2.559e-07
187.541655253375,0.43,2.284e-07
187.634040305224,0.41,2.027e-07
187.726425357073,0.39,1.793e-07
187.818810408922,0.37,1.582e-07
187.911195460771,0.35,1.387e-07
188.00358051262,0.33,1.214e-07
188.095965564469,0.31,1.057e-07
188.188350616318,0.29,9.156e-08
188.280735668167,0.27,7.881e-08
188.373120720016,0.25,6.698e-08
188.465505771865,0.23,5.674e-08
188.557890823714,0.21,4.767e-08
188.650275875563,0.19,3.954e-08
188.742660927411,0.17,3.258e-08
188.83504597926,0.15,2.67e-08
188.927431031109,0.13,2.139e-08
189.019816082958,0.11,1.687e-08
189.112201134807,0.09,1.301e-08
189.204586186656,0.07,9.575e-09
189.296971238505,0.05,6.544e-09
189.851281549599,0.06,7.894e-09
189.943666601448,0.08,1.106e-08
190.036051653297,0.1,1.473e-08
190.128436705146,0.12,1.901e-08
190.220821756995,0.14,2.411e-08
190.313206808844,0.16,3.002e-08
190.405591860693,0.18,3.712e-08
190.497976912542,0.2,4.53e-08
190.590361964391,0.22,5.478e-08
190.682747016239,0.24,6.565e-08
190.775132068088,0.26,7.838e-08
190.867517119937,0.28,9.285e-08
190.959902171786,0.3,1.095e-07
191.052287223635,0.32,1.283e-07
191.144672275484,0.34,1.51e-07
191.237057327333,0.36,1.757e-07
191.329442379182,0.38,2.038e-07
191.421827431031,0.4,2.348e-07
191.51421248288,0.42,2.711e-07
191.606597534729,0.44,3.102e-07
191.698982586578,0.46,3.559e-07
191.791367638427,0.48,4.061e-07
191.883752690276,0.5,4.626e-07
191.976137742125,0.52,5.287e-07
192.068522793974,0.54,5.98e-07
192.160907845823,0.56,6.75e-07
192.253292897672,0.58,7.61e-07
192.345677949521,0.6,8.567e-07
192.43806300137,0.62,9.611e-07
192.530448053219,0.64,1.076e-06
192.622833105068,0.66,1.205e-06
192.715218156916,0.68,1.347e-06
192.807603208765,0.7,1.501e-06
192.899988260614,0.72,1.671e-06
192.992373312463,0.74,1.853e-06
193.084758364312,0.76,2.054e-06
193.177143416161,0.78,2.27e-06
193.26952846801,0.8,2.509e-06
193.361913519859,0.82,2.766e-06
193.454298571708,0.84,3.044e-06
193.546683623557,0.86,3.341e-06
193.639068675406,0.88,3.665e-06
193.731453727255,0.9,4.013e-06
193.823838779104,0.92,4.384e-06
193.916223830953,0.94,4.784e-06
194.008608882802,0.96,5.193e-06
194.100993934651,0.98,5.635e-06
194.1933789865,1,6.115e-06
194.285764038349,0.98,5.617e-06
194.378149090198,0.96,5.157e-06
194.470534142047,0.94,4.731e-06
194.562919193896,0.92,4.333e-06
194.655304245744,0.9,3.946e-06
194.747689297593,0.88,3.61e-06
194.840074349442,0.86,3.295e-06
194.932459401291,0.84,3.009e-06
195.02484445314,0.82,2.742e-06
195.117229504989,0.8,2.495e-06
195.209614556838,0.78,2.266e-06
195.301999608687,0.76,2.058e-06
195.394384660536,0.74,1.865e-06
195.486769712385,0.72,1.686e-06
195.579154764234,0.7,1.522e-06
195.671539816083,0.68,1.372e-06
195.763924867932,0.66,1.234e-06
195.856309919781,0.64,1.11e-06
195.94869497163,0.62,9.941e-07
196.041080023479,0.6,8.896e-07
196.133465075328,0.58,7.955e-07
196.225850127177,0.56,7.087e-07
196.318235179026,0.54,6.285e-07
196.410620230875,0.52,5.587e-07
196.503005282724,0.5,4.942e-07
196.595390334572,0.48,4.366e-07
196.687775386421,0.46,3.815e-07
196.78016043827,0.44,3.353e-07
196.872545490119,0.42,2.933e-07
196.964930541968,0.4,2.557e-07
197.057315593817,0.38,2.226e-07
197.149700645666,0.36,1.924e-07
197.242085697515,0.34,1.66e-07
197.334470749364,0.32,1.424e-07
197.426855801213,0.3,1.217e-07
197.519240853062,0.28,1.038e-07
197.611625904911,0.26,8.771e-08
197.70401095676,0.24,7.38e-08
197.796396008609,0.22,6.167e-08
197.888781060458,0.2,5.14e-08
197.981166112307,0.18,4.215e-08
198.073551164156,0.16,3.407e-08
198.165936216005,0.14,2.73e-08
198.258321267854,0.12,2.159e-08
198.350706319703,0.1,1.675e-08
198.443091371552,0.08,1.253e-08
198.535476423401,0.06,8.933e-09
199.089786734494,-0.05,-6.94e-09
199.182171786343,-0.07,-1.058e-08
199.274556838192,-0.09,-1.49e-08
199.366941890041,-0.11,-2.007e-08
199.45932694189,-0.13,-2.661e-08
199.551711993739,-0.15,-3.465e-08
199.644097045588,-0.17,-4.433e-08
199.736482097437,-0.19,-5.568e-08
199.828867149286,-0.21,-6.985e-08
199.921252201135,-0.23,-8.736e-08
200.013637252984,-0.25,-1.078e-07
200.106022304833,-0.27,-1.327e-07
200.198407356682,-0.29,-1.622e-07
200.290792408531,-0.31,-1.969e-07
200.38317746038,-0.33,-2.379e-07
200.475562512229,-0.35,-2.867e-07
200.567947564078,-0.37,-3.429e-07
200.660332615926,-0.39,-4.094e-07
200.752717667775,-0.41,-4.871e-07
200.845102719624,-0.43,-5.711e-07
200.937487771473,-0.45,-6.755e-07
201.029872823322,-0.47,-7.955e-07
201.122257875171,-0.49,-9.356e-07
201.21464292702,-0.51,-1.097e-06
201.307027978869,-0.53,-1.281e-06
201.399413030718,-0.55,-1.494e-06
201.491798082567,-0.57,-1.737e-06
201.584183134416,-0.59,-2.015e-06
201.676568186265,-0.61,-2.332e-06
201.768953238114,-0.63,-2.691e-06
201.861338289963,-0.65,-3.104e-06
201.953723341812,-0.67,-3.569e-06
202.046108393661,-0.69,-4.096e-06
202.13849344551,-0.71,-4.687e-06
202.230878497359,-0.73,-5.331e-06
202.323263549208,-0.75,-6.09e-06
202.415648601057,-0.77,-6.938e-06
202.508033652906,-0.79,-7.894e-06
202.600418704754,-0.81,-8.959e-06
202.692803756603,-0.83,-1.016e-05
202.785188808452,-0.85,-1.15e-05
202.877573860301,-0.87,-1.299e-05
202.96995891215,-0.89,-1.466e-05
203.062343963999,-0.91,-1.65e-05
203.154729015848,-0.93,-1.855e-05
203.247114067697,-0.95,-2.081e-05
203.339499119546,-0.97,-2.33e-05
203.431884171395,-0.99,-2.606e-05
203.524269223244,-1.01,-2.91e-05
203.616654275093,-1.03,-3.244e-05
203.709039326942,-1.05,-3.607e-05
203.801424378791,-1.07,-4.005e-05
203.89380943064,-1.09,-4.443e-05
203.986194482489,-1.11,-4.919e-05
204.078579534338,-1.13,-5.418e-05
204.170964586187,-1.15,-5.97e-05
204.263349638036,-1.17,-6.569e-05
204.355734689885,-1.19,-7.221e-05
204.448119741734,-1.21,-7.926e-05
204.540504793582,-1.23,-8.683e-05
204.632889845431,-1.25,-9.5e-05
204.72527489728,-1.27,-0.0001038
204.817659949129,-1.29,-0.0001132
204.910045000978,-1.31,-0.0001231
205.002430052827,-1.33,-0.0001337
205.094815104676,-1.35,-0.000145
205.187200156525,-1.37,-0.000157
205.279585208374,-1.39,-0.0001698
205.371970260223,-1.41,-0.0001832
205.464355312072,-1.43,-0.0001973
205.556740363921,-1.45,-0.0002121
205.64912541577,-1.47,-0.0002278
205.741510467619,-1.49,-0.0002442
205.833895519468,-1.51,-0.0002614
205.926280571317,-1.53,-0.0002794
206.018665623166,-1.55,-0.0002981
206.111050675015,-1.57,-0.0003176
206.203435726864,-1.59,-0.000338
206.295820778713,-1.61,-0.0003591
206.388205830562,-1.63,-0.0003809
206.480590882411,-1.65,-0.0004035
206.572975934259,-1.67,-0.0004269
206.665360986108,-1.69,-0.000451
206.757746037957,-1.71,-0.0004758
206.850131089806,-1.73,-0.0004981
206.942516141655,-1.75,-0.000524
207.034901193504,-1.77,-0.0005507
207.127286245353,-1.79,-0.0005784
207.219671297202,-1.81,-0.0006068
207.312056349051,-1.83,-0.000636
207.4044414009,-1.85,-0.0006659
207.496826452749,-1.87,-0.0006966
207.589211504598,-1.89,-0.0007279
207.681596556447,-1.91,-0.0007597
207.773981608296,-1.93,-0.0007923
207.866366660145,-1.95,-0.0008255
207.958751711994,-1.97,-0.0008593
208.051136763843,-1.99,-0.0008936
208.143521815692,-2.01,-0.0009287
208.235906867541,-2.03,-0.0009641
208.32829191939,-2.05,-0.001
208.420676971239,-2.07,-0.001037
208.513062023087,-2.09,-0.001074
208.605447074936,-2.11,-0.001111
208.697832126785,-2.13,-0.001149
208.790217178634,-2.15,-0.001187
208.882602230483,-2.17,-0.001226
208.974987282332,-2.19,-0.001265
209.067372334181,-2.21,-0.001305
209.15975738603,-2.23,-0.001346
209.252142437879,-2.25,-0.001387
209.344527489728,-2.27,-0.001428
209.436912541577,-2.29,-0.001469
209.529297593426,-2.31,-0.00151
209.621682645275,-2.33,-0.001553
209.714067697124,-2.35,-0.001594
209.806452748973,-2.37,-0.001637
209.898837800822,-2.39,-0.00168
209.991222852671,-2.41,-0.001723
210.08360790452,-2.43,-0.001767
210.175992956369,-2.45,-0.001811
210.268378008218,-2.47,-0.001855
210.360763060067,-2.49,-0.001899
210.453148111916,-2.51,-0.001944
210.545533163764,-2.53,-0.001989
210.637918215613,-2.55,-0.002034
210.730303267462,-2.57,-0.00208
210.822688319311,-2.59,-0.002125
210.91507337116,-2.61,-0.002171
211.007458423009,-2.63,-0.002217
211.099843474858,-2.65,-0.002263
211.192228526707,-2.67,-0.002309
211.284613578556,-2.69,-0.002355
211.376998630405,-2.71,-0.002402
211.469383682254,-2.73,-0.002449
211.561768734103,-2.75,-0.002496
211.654153785952,-2.77,-0.002542
211.746538837801,-2.79,-0.00259
211.83892388965,-2.81,-0.002636
211.931308941499,-2.83,-0.002684
212.023693993348,-2.85,-0.002731
212.116079045197,-2.87,-0.002779
212.208464097046,-2.89,-0.002828
212.300849148895,-2.91,-0.002876
212.393234200744,-2.93,-0.002924
212.485619252592,-2.95,-0.002972
212.578004304441,-2.97,-0.003019
212.67038935629,-2.99,-0.003067
212.762774408139,-2.99,-0.003059
212.855159459988,-2.97,-0.002993
212.947544511837,-2.95,-0.002928
213.039929563686,-2.93,-0.002863
213.132314615535,-2.91,-0.0028
213.224699667384,-2.89,-0.002737
213.317084719233,-2.87,-0.002675
213.409469771082,-2.85,-0.002614
213.501854822931,-2.83,-0.002554
213.59423987478,-2.81,-0.002494
213.686624926629,-2.79,-0.002436
213.779009978478,-2.77,-0.002378
213.871395030327,-2.75,-0.00232
213.963780082176,-2.73,-0.002263
214.056165134025,-2.71,-0.002207
214.148550185874,-2.69,-0.002151
214.240935237723,-2.67,-0.002096
214.333320289572,-2.65,-0.002041
214.42570534142,-2.63,-0.001988
214.518090393269,-2.61,-0.001934
214.610475445118,-2.59,-0.001882
214.702860496967,-2.57,-0.00183
214.795245548816,-2.55,-0.001778
214.887630600665,-2.53,-0.001727
214.980015652514,-2.51,-0.001678
215.072400704363,-2.49,-0.001628
215.164785756212,-2.47,-0.00158
215.257170808061,-2.45,-0.001532
215.34955585991,-2.43,-0.001484
215.441940911759,-2.41,-0.001438
215.534325963608,-2.39,-0.001392
215.626711015457,-2.37,-0.001347
215.719096067306,-2.35,-0.001302
215.811481119155,-2.33,-0.001259
215.903866171004,-2.31,-0.001216
215.996251222853,-2.29,-0.001174
216.088636274702,-2.27,-0.001132
216.181021326551,-2.25,-0.001092
216.2734063784,-2.23,-0.001052
216.365791430249,-2.21,-0.001013
216.458176482097,-2.19,-0.0009743
216.550561533946,-2.17,-0.0009366
216.642946585795,-2.15,-0.0008998
216.735331637644,-2.13,-0.0008637
216.827716689493,-2.11,-0.0008285
216.920101741342,-2.09,-0.0007947
217.012486793191,-2.07,-0.0007611
217.10487184504,-2.05,-0.0007285
217.197256896889,-2.03,-0.0006966
217.289641948738,-2.01,-0.0006655
217.382027000587,-1.99,-0.0006353
217.474412052436,-1.97,-0.0006059
217.566797104285,-1.95,-0.0005775
217.659182156134,-1.93,-0.0005499
217.751567207983,-1.91,-0.0005231
217.843952259832,-1.89,-0.0004971
217.936337311681,-1.87,-0.0004719
218.02872236353,-1.85,-0.0004475
218.121107415379,-1.83,-0.0004241
218.213492467228,-1.81,-0.0004013
218.305877519077,-1.79,-0.0003793
218.398262570925,-1.77,-0.0003583
218.490647622774,-1.75,-0.0003381
218.583032674623,-1.73,-0.0003188
218.675417726472,-1.71,-0.0003001
218.767802778321,-1.69,-0.0002823
218.86018783017,-1.67,-0.0002652
218.952572882019,-1.65,-0.000249
219.044957933868,-1.63,-0.0002334
219.137342985717,-1.61,-0.0002185
219.229728037566,-1.59,-0.0002044
219.322113089415,-1.57,-0.0001909
219.414498141264,-1.55,-0.0001782
219.506883193113,-1.53,-0.0001661
219.599268244962,-1.51,-0.0001546
219.691653296811,-1.49,-0.0001438
219.78403834866,-1.47,-0.0001336
219.876423400509,-1.45,-0.0001239
219.968808452358,-1.43,-0.0001148
220.061193504207,-1.41,-0.0001063
220.153578556056,-1.39,-9.825e-05
220.245963607905,-1.37,-9.073e-05
220.338348659754,-1.35,-8.365e-05
220.430733711602,-1.33,-7.703e-05
220.523118763451,-1.31,-7.082e-05
220.6155038153,-1.29,-6.505e-05
220.707888867149,-1.27,-5.967e-05
220.800273918998,-1.25,-5.468e-05
220.892658970847,-1.23,-5.003e-05
220.985044022696,-1.21,-4.57e-05
221.077429074545,-1.19,-4.173e-05
221.169814126394,-1.17,-3.8e-05
221.262199178243,-1.15,-3.457e-05
221.354584230092,-1.13,-3.143e-05
221.446969281941,-1.11,-2.853e-05
221.53935433379,-1.09,-2.587e-05
221.631739385639,-1.07,-2.343e-05
221.724124437488,-1.05,-2.119e-05
221.816509489337,-1.03,-1.912e-05
221.908894541186,-1.01,-1.724e-05
222.001279593035,-0.99,-1.551e-05
222.093664644884,-0.97,-1.395e-05
222.186049696733,-0.95,-1.253e-05
222.278434748582,-0.93,-1.123e-05
222.37081980043,-0.91,-1.005e-05
222.463204852279,-0.89,-8.995e-06
222.555589904128,-0.87,-8.027e-06
222.647974955977,-0.85,-7.162e-06
222.740360007826,-0.83,-6.382e-06
222.832745059675,-0.81,-5.672e-06
222.925130111524,-0.79,-5.037e-06
223.017515163373,-0.77,-4.465e-06
223.109900215222,-0.75,-3.93e-06
223.202285267071,-0.73,-3.476e-06
223.29467031892,-0.71,-3.066e-06
223.387055370769,-0.69,-2.7e-06
223.479440422618,-0.67,-2.376e-06
223.571825474467,-0.65,-2.081e-06
223.664210526316,-0.63,-1.823e-06
223.756595578165,-0.61,-1.591e-06
223.848980630014,-0.59,-1.388e-06
223.941365681863,-0.57,-1.205e-06
224.033750733712,-0.55,-1.048e-06
224.126135785561,-0.53,-9.096e-07
224.21852083741,-0.51,-7.839e-07
224.310905889258,-0.49,-6.787e-07
224.403290941107,-0.47,-5.857e-07
224.495675992956,-0.45,-5.021e-07
224.588061044805,-0.43,-4.297e-07
224.680446096654,-0.41,-3.66e-07
224.772831148503,-0.39,-3.116e-07
224.865216200352,-0.37,-2.636e-07
224.957601252201,-0.35,-2.228e-07
225.04998630405,-0.33,-1.873e-07
225.142371355899,-0.31,-1.567e-07
225.234756407748,-0.29,-1.302e-07
225.327141459597,-0.27,-1.086e-07
225.419526511446,-0.25,-8.922e-08
225.511911563295,-0.23,-7.281e-08
225.604296615144,-0.21,-5.946e-08
225.696681666993,-0.19,-4.83e-08
225.789066718842,-0.17,-3.789e-08
225.881451770691,-0.15,-2.989e-08
225.97383682254,-0.13,-2.318e-08
226.066221874389,-0.11,-1.779e-08
226.158606926238,-0.09,-1.324e-08
226.250991978087,-0.07,-9.398e-09
226.343377029935,-0.05,-6.274e-09
226.897687341029,0.06,8.553e-09
226.990072392878,0.08,1.213e-08
227.082457444727,0.1,1.637e-08
227.174842496576,0.12,2.134e-08
227.267227548425,0.14,2.737e-08
227.359612600274,0.16,3.461e-08
227.451997652123,0.18,4.331e-08
227.544382703972,0.2,5.386e-08
227.636767755821,0.22,6.594e-08
227.72915280767,0.24,8.026e-08
227.821537859519,0.26,9.693e-08
227.913922911368,0.28,1.169e-07
228.006307963217,0.3,1.403e-07
228.098693015066,0.32,1.676e-07
228.191078066915,0.34,1.99e-07
228.283463118764,0.36,2.354e-07
228.375848170612,0.38,2.785e-07
228.468233222461,0.4,3.272e-07
228.56061827431,0.42,3.851e-07
228.653003326159,0.44,4.5e-07
228.745388378008,0.46,5.302e-07
228.837773429857,0.48,6.164e-07
228.930158481706,0.5,7.144e-07
229.022543533555,0.52,8.3e-07
229.114928585404,0.54,9.61e-07
229.207313637253,0.56,1.11e-06
229.299698689102,0.58,1.281e-06
229.392083740951,0.6,1.48e-06
229.4844687928,0.62,1.706e-06
229.576853844649,0.64,1.959e-06
229.669238896498,0.66,2.248e-06
229.761623948347,0.68,2.583e-06
229.854009000196,0.7,2.956e-06
229.946394052045,0.72,3.379e-06
230.038779103894,0.74,3.861e-06
230.131164155743,0.76,4.401e-06
230.223549207592,0.78,5.176e-06
230.31593425944,0.8,5.842e-06
230.408319311289,0.82,6.589e-06
230.500704363138,0.84,7.431e-06
230.593089414987,0.86,8.373e-06
230.685474466836,0.88,9.429e-06
230.777859518685,0.9,1.059e-05
230.870244570534,0.92,1.189e-05
230.962629622383,0.94,1.335e-05
231.055014674232,0.96,1.497e-05
231.147399726081,0.98,1.676e-05
231.23978477793,1,1.874e-05
231.332169829779,0.98,1.706e-05
231.424554881628,0.96,1.546e-05
231.516939933477,0.94,1.395e-05
231.609324985326,0.92,1.258e-05
231.701710037175,0.9,1.13e-05
231.794095089024,0.88,1.015e-05
231.886480140873,0.86,9.088e-06
231.978865192722,0.84,8.131e-06
232.071250244571,0.82,7.259e-06
232.16363529642,0.8,6.476e-06
232.256020348268,0.78,5.769e-06
232.348405400117,0.76,5.136e-06
232.440790451966,0.74,4.556e-06
232.533175503815,0.72,4.035e-06
232.625560555664,0.7,3.528e-06
232.717945607513,0.68,3.12e-06
232.810330659362,0.66,2.752e-06
232.902715711211,0.64,2.421e-06
232.99510076306,0.62,2.128e-06
233.087485814909,0.6,1.868e-06
233.179870866758,0.58,1.638e-06
233.272255918607,0.56,1.428e-06
233.364640970456,0.54,1.245e-06
233.457026022305,0.52,1.084e-06
233.549411074154,0.5,9.412e-07
233.641796126003,0.48,8.146e-07
233.734181177852,0.46,7.042e-07
233.826566229701,0.44,6.061e-07
233.91895128155,0.42,5.209e-07
234.011336333399,0.4,4.461e-07
234.103721385248,0.38,3.773e-07
234.196106437097,0.36,3.217e-07
234.288491488945,0.34,2.744e-07
234.380876540794,0.32,2.323e-07
234.473261592643,0.3,1.964e-07
234.565646644492,0.28,1.648e-07
234.658031696341,0.26,1.372e-07
234.75041674819,0.24,1.14e-07
234.842801800039,0.22,9.404e-08
234.935186851888,0.2,7.679e-08
235.027571903737,0.18,6.237e-08
235.119956955586,0.16,4.994e-08
235.212342007435,0.14,3.91e-08
235.304727059284,0.12,3.058e-08
235.397112111133,0.1,2.325e-08
235.489497162982,0.08,1.74e-08
235.581882214831,0.06,1.23e-08
